Category,Avg Price (INR)
Biryani Bucket [Serves 4-6],2349.0
Family Meal Box (serves 4 To 6),1999.0
Hampers & Gift Boxes,1988.0
Monster Pizza (24 Inches),1979.0
Big Big Pizza,1919.24
Biryani Buckets (super Savers),1912.64
Family Pack Combo,1783.65
Bucket & Box Biriyani,1730.0
MAD OVER MANGOES,1700.0
Loaves,1700.0
Family & Party Special Combos,1599.0
Metal Handi - Alishaan Biryani (Serves 4-5),1599.0
Box of 12 Donuts (Buy 9 Get 3 Free),1485.72
Bucket Biryani - Family Pack,1385.0
Authentic Turkish Baklava,1350.0
2 Kg Dum Biryani,1349.0
Harley's Gourmet Celebration Cheesecakes,1316.67
House Party Special,1299.0
Alishaan Biryani (Serves 4-5),1286.0
1/2 Kg Cakes,1241.67
Barbeque in a Box (Serves 2-3),1216.86
Hampers,1200.0
Baklava & Kunafa,1200.0
Chef's Special 4in1 Pizza,1199.0
Indian Fusion Cakes,1199.0
Royal 4in1 Pizza,1153.9
Mewa Bites,1146.67
Family Pack (3200ml),1139.0
1kg Regular Cake,1134.5
Harley's Grand Celebration Medovik Cakes,1128.33
New Cake Bars,1120.0
Party Platters & Feast,1102.11
Bucket Biryani (Serves 4),1099.0
Get Together Combos,1099.0
Family Meals,1084.0
Ice Cream Cake HNH,1069.0
Cakes(Egg-Free),1063.0
Gifting Specials,1032.5
Platters,1015.67
Special Platter,1010.0
Epic Saver Bucket (save Up To 45%),1002.38
New Irresistible Cake,1000.0
Metal Handi - Nawabi Biryani (Serves 2),999.0
Cakes [1 Kg],998.0
Laddu Collection,980.0
Cake,979.28
Special Assortments,976.5
Fresh Cream Cake 1Kg,954.29
DEJA-VU SEA FOOD,953.33
ONAM SPECIAL,949.0
Gift Hampers,945.76
Mediterranean/arabic,880.57
Trout Specialities,869.0
All Time Favourite Combinations,864.0
Special Family Pack Biryanis,862.5
Premium Eggless Cake,860.17
Dry Fruits & Roasted Nuts,853.57
Harley's Sweet Home Assortments,852.0
Bento box,850.0
Confectionery Cake,840.0
Barbeque in a Box (Serves 1-2),829.0
Cake [500 Gm],821.17
Mithai Packs,811.33
Main,809.0
Everyday Biryani Combos,808.33
Upper Crust Signature Dishes,805.71
Gift Sweet Boxes,805.71
Dum Biryanis (900 grams),801.97
Uramaki Rolls(8pcs),800.0
Rebel Pizza,799.0
Special sarson ka saag desi ghee,799.0
Thin n Crispy Pizzas,794.03
Bakers Choice,786.25
Shaan Biryani (Serves-2),784.8
Food For The Soul,781.75
[750Gram] Dum Biryani,779.0
"Ovenzilla - 15"" Pizzas",779.0
Gift Sweet Box Combo,775.5
Metal Handi - Shaan Biryani (Serves 2),771.5
Party Combo,771.33
Kunafa,762.71
Cakes,761.07
Homemade Lasagna,750.0
Basque Cheesecake,750.0
"Pizza 10"" Neapolitan Style",749.07
Non-Veg Pizza,748.0
EPIC SAVINGS BUCKET FOR 3-4 (UP TO 32% OFF),745.4
Jamai Bhoj,745.0
Epic Savings Bucket for 3-4 (up to 32% off),741.03
Appetizers-mutton And Fish,738.33
Epic Savings Bucket For 3-4 (up To 32% Off),734.01
Cakes 1/2 KG,726.67
Asian Curries- Served With Japanese Rice,721.67
Cakes [Half Kg],720.8
Kebabs and Starters,720.68
Kashmiri BBQ,720.0
"Set Menu (served With Rice,miso Soup)",714.44
Shaan Biryani (serves 2),714.0
Celebration Cakes & Desserts,714.0
Celebration Cake,714.0
One Plus One Medium @649,713.78
New Launch (Stuffed Crunch Pizza),699.0
Perfect for 2 Bento Cakes,697.0
Multi Pack Combos [FREE Coke & Choco Lava worth...,689.0
Sashimi,680.0
Combo Meal,676.75
Box of 6 Donuts (Buy 5 Get 1 Free),672.53
Au Gratin Dishes,671.0
Flash Sale Deals,669.0
Diwali Speacial,665.0
New Arrivals,661.73
Mustard Classics,661.67
Mandi,659.78
Donut Boxes,655.6
Combo Deals @10% OFF,652.0
Meal Bowls,650.0
Fresh Cream Half Kg Cake,650.0
Dragon Panda Special Combos,650.0
Dry Fruit Cans,650.0
Rakhi gift hampers,650.0
From The Tandoor,649.91
Gourmet Cakes,646.91
Grilled And Fried,645.0
Basundi,645.0
Value Meals,643.86
Non-Veg 1 KG Matka Biryani + Free Dessert,636.5
Desi Ghee Sweets 1kg,635.64
Dosirak [Thali],635.0
Momos Platter,633.5
Authentic Andhra Meals,631.5
Ramzan Special ( Online),630.0
Savour The Sea,630.0
Gourmet Non-veg Pasta,629.57
Premium Exotic Cakes,629.5
Super Saver Baskets (Serves 3-5),625.86
Platter's,615.0
Gourmet Non-veg Pan Pizza,611.86
Combos Loved By Ranchi,605.67
Sizzlers,605.24
Peri Peri Chicken Strips & Leg Pc,605.01
Office Zone Cakes,604.0
Indian Curries,603.67
Friendship Day Epic Deals (upto Rs 256 off),603.27
Bestsellers,603.0
Korean Appetizers,601.0
Signature Combos,600.0
Millets Magic,599.0
Value Chicken  Bucket.,599.0
Stew,599.0
Half & Half Pizza,598.04
Chef Special,597.53
Large Plates,597.06
Seafoods,597.0
Kashmiri Speciality,595.0
Large Pizza ,594.0
Gift Boxes,593.33
Gourmet Veg Pasta,592.2
Chicken Indian Main Course,590.91
1/2kg Cakes,590.0
Risotto & Pasta,590.0
Peri Peri Chicken Strips & Leg Pc (up to 25%),589.34
Poster & Photo Cakes,589.0
Grills & Mains,588.5
Gourmet Non-Veg Pizzas (11 Inch/14Inch),587.92
Timeless Collection Desserts,587.5
Super Saver Deals,584.38
 Desi Ghee Sweets,580.87
"BIG 10"" PIZZAS | NON-VEG [SERVES 2-3]",580.82
Allday Breakfasts,580.0
THAI FOOD,579.33
Anniversary & Birthday Cakes,579.0
Lambs,579.0
Match Day Special Combos,577.5
EID special sweet box,576.2
Epic Combos [FREE Coke & Choco Lava worth Rs.120],575.67
Pastas & Risottos,575.32
Broth And Bowls,575.0
Maki Rolls(6pcs),575.0
Crackling Combos,574.5
Starters & Iranian,572.5
Sushi (Uramaki),570.0
Durga Puja Specials,570.0
Lamb,570.0
Irresistible Eclairs,567.62
Continental Favorites,564.0
Seafood,563.85
Speciality Pizzas,560.71
Wooden Plate Combo Meals,560.0
MAIN COURSE PRAWNS,559.43
Everyday Wow! Day,559.0
SWEETS,558.0
Eggs and Omelettes,557.0
Salads or Thoke,555.0
Good Flippin Deals,555.0
Premium Cakes,554.0
Tawa Kebab,553.75
Mutton And Fish Indian Main Course,552.86
Exotic,550.5
Diwali Dhamaka Offer,550.0
Mutton Mains,550.0
Signature Cakes,549.0
Flower Bouquets & Cakes Combo,549.0
9 Inch Pizza,549.0
Small Bites,549.0
Hot Pressed Sandwiches,548.33
Delhi special Makhan Kulcha Meal,547.33
Kebabs & Tikkas,546.25
Finger Food Bucket,545.0
"Non-Veg CHEESE BURST Thin Crust Pizzas [10"" Large]",540.0
Tawa Sigdi Tandoor,540.0
Indian Appetizers (fish & Prawns),539.4
Khao Suey,539.29
Pizzas & Bruschettas,539.0
Sea Food Appetizers,539.0
House Specials,538.5
Birthday Special,538.5
Grilled & Roast (BBQ),537.17
Mutton Main Course,536.97
Regional Starters (non-veg),536.43
Gourmet Veg Pan Pizza,535.62
Tteokbokki,534.0
Thali & Platters,533.57
"Buy 1 Pizza Get 2 Sides, 1 Pepsi Free",532.28
Master Chef Curated Meals (Serves 1),530.8
Tandoori Kebabs,530.67
Legendary Andhra Meals,530.0
Toasted Bagels,530.0
Chicken Chinese Main Course,530.0
PERI PERI CHICKEN STRIPS & LEG PC (UP TO 25% OFF),529.31
Gourmet Veg Pizzas (11 Inch/14Inch),529.17
Celebration Cakes,528.66
Naples Pizza,528.33
Sea Food Starter,528.0
Kaju And Premium Sweets,527.52
2X Cheese Pizza,527.24
Vegetarian Main Course Chinese,525.0
Pasta & Rissoto,524.33
IPL special Offers & Value deals,522.0
"Cheese Burst Pizzas [Big 10""]",521.5
Late Night Specials,521.0
Ghee,520.0
Non-veg Dimsum,520.0
Kaati Zone Combos,519.0
Bao & Tacos,519.0
Cakes With Flowers,519.0
Indian Flavoured Starters,518.33
Fiery Indian Fried Chicken,518.0
Pizza - 10Â Inches,517.5
Sandwich & Burgers & Rolls,516.67
Indian Appetizers (mutton),516.2
Special Assortments Combos,515.0
Chinese Starters (non-veg),515.0
Popular Flavours Cakes,512.33
Midnight Bites,511.5
Miguels Kitchen,511.25
Premium Celebration Cakes,510.0
Vegan,510.0
Garlic Fried Rice,510.0
Non-Veg Curries,509.67
Premium Thalis,505.67
Appetizers -chicken,504.44
Waffles and Pancakes,502.33
Executive Thalis,502.33
Four Pizza Combo,502.25
TO DAY SPICEAL,500.92
Platter On The Go,500.0
Middle Eastern And Persian Salads,500.0
Veg Dimsum,500.0
Specials Menu,500.0
Non-Veg Starters,500.0
Regular Cakes,499.15
Wow! Birthday(Save upto 40%),499.0
Crazy Deals,499.0
Impossible Combos [FREE items of â‚¹120],499.0
WE Combos [FREE items upto Rs.280],499.0
Late Night Non-Veg,499.0
Oriental Mains Non Veg,499.0
Biggie Combos ( Upto Flat 25% Off).,499.0
Prepare Your Own Pizza,498.75
"BIG 10"" PIZZAS | VEG [SERVES 2-3]",498.33
Pan Asian Cravings,498.18
Indian Mains,497.95
Veg Special Combos,497.0
"Burger, Sandwiches & Wraps",496.11
Combo Meal 3 Persons,495.0
BIG FAT WINGS,495.0
Tandoori Platter,495.0
MAIN COURSES,495.0
Festive Gifting Specials,495.0
Party Platter,495.0
Baklava,495.0
Hot Deals,495.0
Arabian Special,494.17
Non-veg Starters,494.0
"Rice, Pulao And Biryani",493.33
Asian,493.0
Quiches,492.5
Prawns,492.17
Land Of Thousand Spices,491.25
Wok,491.0
Roasted Dry Fruits,490.0
Classic Cakes,490.0
Fathers Day Specials,490.0
Vegetarian Main Course Paneer,490.0
Chinese Appetizers (fish & Prawns),489.13
Hand Scooped 750 ML Family Pack (Serve 6-8),489.0
Risottos,489.0
Signature Eggless Cakes,488.86
From The Clay Oven,488.33
Pot Meals,488.33
Indian Main Course (mutton),487.2
Makar Shankranti Specials,485.86
Taco Saver Combos (upto 30% Off),485.67
Dry Fruit Sweets,484.77
Dum Biryanis,484.09
Anniversary Special,484.0
Group Sharing Combos,483.42
Veggies Seafood Special,483.33
Babka Pantry,483.33
Original Non-Veg Main Course,482.14
Premium,482.0
"Veg CHEESE BURST Thin Crust Pizzas [10"" Large]",481.86
Italian,481.67
Waffle Cakes,481.67
Small Plates,481.25
Chicken Burst,481.0
"10"" LARGE PIZZAS | NON-VEG",480.43
Sundae,480.0
Appetizers-vegetarian,480.0
Kashmiri Food De Linz,479.89
Korean Fried Chicken,479.0
Barish Combo (Save upto 40%),479.0
Hyderabadi Dum Biryani (pakki Style),477.44
Buckets,476.78
JAPANESE/KOREAN,476.67
Super Heroâ€™s Of Our Menu,475.0
Indian Gravy,475.0
STARTERS,475.0
Chef Harpal Singh Specials,475.0
Green Salad,475.0
BENTO CAKE,475.0
Pasta House,475.0
Thai Cuisines,474.0
Gyoza Japanese momo 7pcs,473.33
Breakfast for Veggies,473.0
Bento Cake,473.0
Cheese Burst Pizza,472.92
Oriental,472.85
Chenna Sweets  ( Bengali Sweets ),472.14
Beginning Tasters,471.67
GRILLED  /  SMOKED,470.56
Global Mains,470.0
Soup And Starters,470.0
North Indian Thali's,470.0
"Pizzas,burger AND SANDWICH",470.0
Cake (500 Gm),470.0
Classic Pizza,468.92
Biryanis & Pulao,468.62
Indian Main Course (non-veg),468.33
Indian Paneer Curry,467.33
Kids Donuts,466.67
Rice And Biriyanis,466.4
Bao-2pc,465.0
Mutton Gravy,465.0
Freshly Squeezed Juices,465.0
Indian Rice / Breads,463.75
Antera's Fusion,463.0
Big Fat Salad,462.5
Vegetarian Main Course Indian,462.31
SPECIAL GHEWAR,460.0
Mutton deluxe thali,460.0
Special Medium Pizza,459.71
Sandwiches & Burgers,459.3
Pepperoni Pizza,459.0
Wow! Biryani,459.0
Kilo Biryani (Serves 2-3),459.0
Flash Sale Pizzas,459.0
Party Combos [FREE Thums Up & Choco Lava worth ...,459.0
Sea Food Biryani,458.0
Swiggy Flash Sale,456.67
Gifting,456.64
Ghewar special,456.0
Biryani By Chef Saransh Goila,455.67
Goila Butter Chicken X Biryani by Kilo,455.67
Sugar Free Mithai,454.92
Mughlai Main Course,454.33
Sea Food,454.29
Sea Food Main Course,454.0
Made With Kitkat,453.4
Mixed Chow,452.5
Flask,451.86
Seafood Starters,450.69
Kolkata Dum Biryani,450.47
Grilled,450.0
Taste Special Thali,450.0
Kabab & Kanti,450.0
Smoothies Bowl,450.0
Chicken Deluxe Thali,450.0
Tandoori And Fry Non Veg,450.0
Fish deluxe thali,450.0
Tandoori Non Veg,449.75
China Town,449.25
Breakfast combo for 2(Till 11:00AM),449.0
Hyderabadi Dum Biryani,449.0
Momo Saver Combos (upto 30% Off),449.0
Paneer (Indian Cheese),449.0
Katsu,449.0
Long Lost Biryanis (Limited Time Specials),449.0
Tiprasa Ni Chamung,449.0
Veg 1 KG Matka Biryani + Free Dessert,449.0
Korean Thali,449.0
Flavours Of India,448.22
Continental Special,448.18
Together Combos [FREE Coke & Choco Lava Cake wo...,447.89
Indian Items,446.43
Naga Meals,446.0
Veg Curries,445.41
Kukkad Da Chakkar {chicken Mains},445.0
IPL special Combos,445.0
Shudh Ghee Se Mutton Curries,445.0
Ridge Momos and Bao,445.0
Classic Fried Chicken,444.33
Indian Main Course (chicken),443.7
Match Day Combo,442.54
Non-veg Chinese Starters,442.5
Pork,442.22
"Chinese Noodles, Rice And Chopsuey",441.67
Dry Fruits Sweets,440.43
Thai Inspired Cuisine,440.0
Meal For 2,440.0
Light Plates & Salad,440.0
Epic Value Meals For 1-2 (up To Rs 22% Off),439.9
Dry Vegetables,439.33
Choupsuey,439.0
Mezze (appetizers),439.0
Matchdays Epic Deals (upto Rs 308 Off),438.85
Ice Cream Cakes,438.6
Super Saver Combos,438.29
Prawn,438.12
Buy 1 Get 1 @ 169 each,438.0
Family Value Combos Starting @ 299/-,438.0
1 Plus 1 @ 169 each,438.0
Continental Main Course,437.8
Special veg ka maja,437.5
BAKERY,436.25
Kebab Platter,436.0
Late Night Specials (Starting at 199),435.97
Pot Rice,435.85
Non-veg Main Course,435.24
Dumplings [6 Pcs],435.0
Beverage Combo,435.0
Family Binge Combos,434.08
Gift Box,433.47
Sandwiches (w/ In-House Focaccia Bread),433.33
Paneer Curries,431.62
Bites,430.58
Classic Biryani,430.5
Egg deluxe thali,430.0
Bao,430.0
Meal Menu,430.0
Varieties Of Fish,430.0
Tandoor & Kebabs,429.74
Koozi And Manthi,428.75
Indian Curry,428.67
Pasta N Rice,427.86
Non-Veg Main Course,427.06
Mutton Starters,427.0
Flasks,426.33
"Chinese, Thai & Orientel",426.0
Platter And Thali,425.6
Biryani combo,425.5
Munchies's special,425.0
Late Night Specials (starting At 199),424.95
Biryani & Pulao,424.37
Our Signature Dessert,424.0
Multi Roll Combos [FREE Coke & Choco Lava worth...,424.0
Combos [O],424.0
Baked hot potatoes,423.33
HOT & CRISPY CHICKEN & WINGS,422.74
Epic Value Meals for 1-2 (up to Rs 22% off),422.18
Kofta Curries,422.0
Vegetable Curries,422.0
Combo's ( Save Extra Upto 30% Off),421.75
Biryani & Kebab Thali,421.55
Mains,420.9
Meal For One,420.6
Celebration Cake Eggless,420.0
Complete thali,420.0
Wraps And Shawarmas And Rolls,420.0
Mezzeh,420.0
New Launches,419.55
Family Pack,419.5
CHINESE SNACKS (non-veg),419.0
Between The Breads,419.0
Classic Mithai Collection,418.67
Special Thalis,418.5
Indian Traditional Mutton,418.0
EPIC VALUE MEALS FOR 1-2 (UP TO 22% OFF),417.22
Sugar Free Sweets,416.4
World'S Cuisine,415.82
Pista Dry Fruit Sweets,415.0
Mutton,414.66
Toofani Biryani Combos,414.0
Top Selling Combos,414.0
APPTIZERS NON VEG,413.9
Combo Foods,413.75
Amritsari Kulchas With Dal Makhani,412.89
Charcoal Grilled,411.5
Chicken Main Course,409.85
"10"" LARGE PIZZAS | VEG",409.69
Waffle Wonders,409.5
Shaptak (Slice Chilli Meat Fried),409.33
Wood Fired Neapolitan Pizza,409.0
North Indian Spl Curries,408.33
Double Down Burger,408.26
Veg/ Paneer/ Mushroom/ Babycorn/ Kaju Sabzi's,407.62
Chicken Burgers,407.5
Veg Specials,407.43
Indian Starters Large,406.25
Main course enchiladas,406.25
750 ml Ice creams,405.81
750 Ml Ice Creams,405.31
Freshly Scooped Tubs,405.01
Non Veg Tandoori Appetizers,405.0
Broast,405.0
Karnataka Donne Biryani,405.0
Indian (Starter),405.0
Curries And Dal,405.0
Hot And Crisy Chicken,405.0
Kashmiri Wazwan,404.67
MAIN COURSE CHICKEN,404.25
Goan Curries,404.0
Pizza - 7Â Inches,402.5
Punjabi paneer khajana,402.0
Fried Rice | Noodles | Chopsuey,401.75
Gifting And Sharing,401.68
Super Saver Packs,401.38
Hyderabadi Biryani,401.29
Regional Starter (veg),401.0
Indian Appetizers (chicken),400.2
Cakes (350 Rs),400.0
Japanese Ramen,400.0
Schezwan Dishes,400.0
Holi Special Namkeens,400.0
Paneer Special Pizza,400.0
Chinese Special Starters,400.0
Pork Items,400.0
Sea Food Apprtizer,400.0
Greek And Continental Salads,400.0
Kashmiri chicken dishes family pack,400.0
Bbq Skewers,400.0
All Day Lunch Special Meal Box (save Rs 115),399.05
Tandoori Special,399.0
Mini Cakes,399.0
All Day Lunch Special Meal Box,399.0
High Protein Plates,399.0
Bangaliana rainy day special,399.0
Roll Combos,399.0
Bowl & Starter Combos [FREE Coke & Choco Lava w...,399.0
Starter/Kebabs,399.0
ALL DAY LUNCH SPECIAL MEAL BOX (SAVE RS 115),398.55
Hot & Crispy Chicken & Wings,398.35
Mini Thalis,398.0
Special Thali,397.62
Paneer Curry,396.78
Chicken Mandi,396.29
Box of Joy - Buy 4 Get 2 Free,396.0
Indian (Non Veg) Cuisin,395.0
Signature Wings,395.0
Kunafa Creations,395.0
Indian Curries Large,395.0
New Arrival,395.0
Chinese Sauce,394.88
Veg Khajana Special,393.46
MAIN Course(100% SHUDH DESI Ghee),393.0
Maharaja Veg Thali,393.0
Kebabs Platter and Starters,392.64
Oriental Rice & Noodle,392.5
Egg Biryani,392.0
Rabri Falooda,392.0
Tandoori & Chinese Starters,391.67
The Other Side (appetizers),391.5
Gudbud Sundae Jars (Serves2),391.0
Pasta - Penne | Spaghetti,390.76
Chinese Appetizers (chicken),390.53
Mutton Dry & Gravy,390.0
Make you own combo,390.0
Tandoori Items,390.0
Raan Thai,390.0
Chicken thali,390.0
Noodles (Home Made),389.83
MAIN COURSE FISH,389.12
Bestseller Combos,389.0
Combos With Drink,389.0
Arabian Foods,389.0
Chinese Main Course (non-veg),388.6
Indian Main Course (paneer),388.6
Healthy Bowls,388.57
Super Bowls,388.0
Mango Specials,387.67
Starters & Afgani,387.5
North Indian Special Side Dishes,387.4
Kebabs & Barbeque,387.29
Prawns Main Course,386.67
Entre In Panners,386.4
LATE NIGHT SPECIALS (STARTING AT 199),385.83
BFF Meals,385.0
Signature Sweets,385.0
Lebanese,384.71
Make your Own Pizza,384.0
Tandoori Specials,384.0
Curated Meal Combos,384.0
Chicken Items,383.33
Royal Curry & Thali,381.86
Tandoori Veg,381.67
Turkish Cookies,381.36
Kimbab  and Sushi,381.33
"Coffee Powders, Cookies N More",381.0
Tandoor Kitchen,380.6
Crostini,380.0
Smoke Your Meat,380.0
Grilled Beef Mandi,380.0
Chicken Mains,380.0
Rice Bowls Large,380.0
Shuruat Yahan Se,379.0
Everyday Value Meals,379.0
Tofu,379.0
Late Night Special,379.0
Thali/ Meal Boxes,379.0
Handi Special,379.0
Non Veg Special,378.75
PASTA,377.5
Dryfruit Sweets,377.5
Kadais,377.5
Sea Food Starters,376.62
Haleem Specials,376.43
The Killing Snacks,376.33
Thali Combo,376.0
Shahi Biryani (serves 1),375.56
Poul Try,375.0
Kofta Sabzi's,375.0
Story-house-fries,375.0
Chinese Veg Starter,375.0
Speciality Pizza,375.0
Mexican rice,375.0
Signature Biryani,375.0
Mutton items,375.0
Tikkas,375.0
Lotus Stem Starter,375.0
Tubs (500 ml),374.33
Viral Dubai Chocolate Special,374.28
Toasties,373.75
High Protein XL Bowls,373.64
Tandoori Snacks,373.32
Chef's Specials,373.2
Treasure Of Basmati,373.0
Khushbudar saag punjabi veg khajana,372.96
Indian Thali,372.5
"Pizza, Pasta And Continental Delights",372.0
Veg Biryani,371.71
Epic Combos | Sandwiches @105 | Save upto 300,371.0
High Protein Rice Bowls,370.36
Pan Asian Feast,370.0
1 + 1 BOGO Biryani at 179 Each,369.67
Andhra Biryani,369.0
Roll & Starter Combos [FREE Coke & Choco Lava w...,369.0
Newly Launched Salad,369.0
Rice Specials,369.0
Oh-so-Cheesy (New Launch),369.0
Indian Curries Veg,368.82
Twin Win (Save Upto Rs 70),368.0
Hot Chocolate,367.4
Thick Pizza,367.07
Tandoori,366.4
Lasagne,366.4
Staples,366.38
Burrger & Sandwiches,365.71
Biryani Sampler,365.67
CHOWMEIN - CHOPSUEY,365.2
Pepperoni Pizza - Chef's Special,365.09
Balanced Bowl,365.0
Cream Cruz,365.0
Hot Chocolates,365.0
Thick Shakes,365.0
Chief's Special Gravies,365.0
Sharing + Saving Combo,364.33
Main Course Combos,364.0
Kadai Special,364.0
Shiv sager ki khasiyat,362.92
Chinese Starters Large,362.75
Big Fat Bakers,362.5
Lamen Fried (Flat Noodles Dry),362.33
Daal - Humarey Andaaz Mein,361.67
Al Faham,361.58
Dum Mast Biryani,360.33
Maha Matka kulfi,360.17
Maha Matka Kulfi,360.17
Vallue Combo,360.0
Indian Prawn,360.0
SUMMER COMBOS,360.0
Trelly Specials,360.0
Zerpian,360.0
Sumthing Soupy,360.0
Non Veg Main Course,359.65
Biryani Rice Noodles,359.55
Executive Lunchbox,359.5
BONELESS CHICKEN POPCORN,359.18
Roll Combos.,359.0
Chinese (non-veg),358.8
Protein Minis,358.39
1 + 1 BOGO @ 179 each [CouponsÂ Applicable],358.0
Family Packs,357.46
Guiltfree By Eatfit!,356.89
Non Veg Pizza,356.54
Thukpa (Soup With Noodles),356.27
Mutton Biryani,356.2
Hot Dog,355.71
Chinise Snacks,355.67
High Protein Burgers ,355.11
Newly Launched Burgers,355.0
Kom Momos Platter,355.0
Dal & Pulses,355.0
Pizza (Indian),355.0
Chinese Prawn,355.0
Cafe Aurora Pizza,355.0
Burrito Bowl,355.0
Chinese Sauces,355.0
Veg thali,355.0
Wazwaan,354.67
Premium Cakes & Pastries,354.37
Signatures,354.15
Continental Starters,353.75
Kings Collection ( Premium Burgers ),353.54
Main course,353.33
Gourmet Non-veg Pizza,353.17
Cheese Volcano,353.16
Non Veg Main Course ,353.07
Bento Cakes,353.05
Premium Chaat By Karigari,353.0
Burgers & Sandwiches,352.73
Special Combos,352.61
Mokthuk (Soup With Momos),352.33
Sushi,352.15
Milkshakes and Smoothies,352.0
Soups and Smoothie Bowls,352.0
Non-Veg Mughal Biryani,351.0
Non Veg Appetizers,351.0
Cheese Burst - 3 New Flavours,350.21
Waffles And Crepes (bakersestate X Amoruccio),350.0
Breakfast Chia Pudding,350.0
Pancakes  And Waffles,350.0
Shawarma Thali,350.0
Late Night Binge Combos,350.0
Rice /Noodles chopsuey,350.0
MAIN COURSE,350.0
Cafe Aurora Combo Special,350.0
Jain Main Course,350.0
Indian Selections,350.0
Fried Chicken & Wings,349.84
"Combo""s",349.0
Match Day Combos,349.0
Duets By Steaming Mugs (combos),349.0
Shabhalay,349.0
Value Meal Combos,349.0
2 Bowls @ 99 each,349.0
Kids Special - Pizza Party,349.0
Independence day offer,349.0
"Half & Half Pizzas [Big 10""]",349.0
Kabab.[O],349.0
Kaju And Paneer,348.0
Punjabi Thali,347.5
Modak,347.5
House Special,347.0
Claypot Spl (startes),347.0
Korean Bowls,346.89
Chinese Kitchen,346.78
Signature Bowls,346.61
Monsoon - Specials,346.5
Other Items,346.0
Basudi,345.0
Cafe aurora bibimbap,345.0
Masala Omelette,345.0
Rice Meal Bowl,344.83
Naga Mini Meals,344.67
Dal Preparation,344.67
Biryanis,344.56
Dry Vegetable,344.17
Namkeen products,344.0
Sabji In Kg,344.0
Today Specials,344.0
Special Kebab Biryani,344.0
Non Vegetarian Delights,343.79
All Day Snacks,343.65
Chinese cuisine,343.33
Fusion Dosas,343.33
Gravy,342.68
Rice Bowls (White Or Brown Rice),342.5
Chinese Staters,342.5
Superbowl,342.43
Combo Ala Carte,342.33
Chinese Appetizers (paneer),342.2
Soya Chaap Gravies (New),342.0
Box of 3,341.9
Chicken,341.78
Loaded Pizza,341.3
Pastas (High Protein),341.2
Bar-Be-Que Tandoori,340.75
Kimbap,340.56
Breads And Bruschetta,340.0
Finger Licking Bbqs,340.0
Appetizers Pork,340.0
Main Course Paneer,340.0
Freakshake (500 Ml),340.0
Indian Combo,340.0
Indian Pork,340.0
Momos +  Kathi Rolls (combo),340.0
Thali & Mini Meals,339.77
"Sandwiches, Burgers",339.0
Meal & Combo,339.0
Hyderabadi Biryani ( Single Portion),339.0
Non Coffee Based Hot Beverages,339.0
Peri Peri Strips,339.0
Tandoor Starters,338.58
Goan Thalis,338.0
Mexican Specials,338.0
Grilled Smoky Red Chicken,337.77
Fish Main Course,337.7
BIRIYANI SPECIAL,337.5
Swiggy Combos,337.5
500 ml Ice creams,337.5
Family Prepacks,337.47
Cakes & Pastry,337.17
Choole & Daals,337.14
Mexican Burrito Bowls,336.96
Gwalia Special Thali,336.5
Non Veg Items,335.25
Beef Mandi,335.0
Family  Sundaes,335.0
Makar Shankranti/Lohri Specials,335.0
Medley Smoothie Bowl,335.0
Appetizers Chicken,335.0
Super Saver Wrap Duos,334.19
COMBO MEAL,334.0
All Time Favourite,334.0
Slow Churn: Artisanal Fruit Ice Cream,333.05
Dnb Happy Combo,332.38
North Indian Side Dishes,332.2
500 Ml Ice Creams,331.79
Noodles & Rice,331.54
Thenthuk (Soup With Short Noodles),331.5
Chicken Dry & Gravy,331.12
Pull Apart Bagels & Toasties,331.0
Fusion Mac & Cheese Bowls,330.23
GRILLED SMOKY RED CHICKEN,330.02
Seafoods Dry & Gravy,330.0
Dahi / Paneer,330.0
Strarters,330.0
Pikwik Kathi Rolls,330.0
Tandoori Delights,330.0
Prawn Fried  Rice,330.0
Kuch Meetha Ho Jaye,330.0
Indian Chicken,330.0
Coolers & Iced Tea,330.0
"Non-Veg Tandoor, Indian & Chinese Starters",329.35
Fusion Dosa,329.29
Nizami Hyderabadi Dum Biryani,329.0
NATORR Premium Burgers,329.0
Mutton Special,329.0
Mughlai Kolkata Dum Biryani,329.0
Flavours Of India (New),329.0
Bbq & Grill,329.0
Chinese Thali,329.0
McCrispy Range,328.8
Flavorful Rolls,328.62
"Combos, Thali And Platters (1)",328.5
Biryani / Pulao,328.33
Mountain Supreme,328.0
Biryani Variety,327.7
Breakfast All Day,327.22
Main Course Non Veg,327.11
Meal Box,326.69
Main Course (Chinese),326.67
Kaju Sweets,326.62
Burger Combos ( 3 Pc Meals ),326.56
5Pcs Combos at 199,326.56
All Day Favourites,326.14
Starters Non Veg,326.11
House Of Tandoor,326.0
Alu/ Baingan/ Bhindi Sabzi's,326.0
"Biryanis, Curries and Roti",325.91
Continental,325.11
Vegeterian,325.0
Combo Meal 2 Persons,325.0
MILLETS SPECIAL,325.0
Baked by Nini's,325.0
Pasta (Durum Wheat),325.0
Pulav,325.0
Sandwiches & Rolls,325.0
Gravy Veg & Non Veg,325.0
Smoothie - Greek Yoghurt,325.0
All Day Bowls,325.0
Choice di dal,325.0
New Gluten Free Momo,325.0
In-house-biryani,325.0
WeFit Protein Bowls,325.0
Amritsari King Comboâ€™s,324.84
Rajasthani Specials,324.5
Baked,324.0
PUJO SPECIALS,324.0
NOURISH BOWLS,324.0
Hyderabadi Biryani [Single Portion],324.0
8 Inch Pizza starting @199,323.64
Power Bowls,323.52
Kebabs and Tikkas,323.13
Basmati khazana,322.92
Combo ,322.33
Cold Coffee Delights,322.14
Festival Special,322.0
Asian Kitchen,321.73
Gourmet Series (Non Veg),321.72
Ganesh Chaturthi Special Modak,321.67
Chinese Starter (veg),321.67
Extra Value Meal Large,321.52
Chicken Apprtizer,321.43
Korean Momo (Newly Launched),321.37
Pizza,321.2
Gift Hamper,321.0
Mix Noodles Regular,321.0
Rice & Biryani ,321.0
Paneer Combos,321.0
Burrito Bowls,320.82
Award Winning Thali [Make Your Own],320.67
"REGULAR 7"" PIZZAS | NON-VEG [SERVES 1]",320.54
Pizza & Pasta,320.45
Curries And Breads,320.43
Main Course Large,320.11
Non-veg Curry,320.0
Homemade Soups,320.0
Chinese Chicken Main,320.0
Flower/ Methi/ Sev Sabzi's,320.0
Noodles And Chopseys,320.0
Beef,320.0
Chinese Combo Rice,320.0
Bhavyam Special Combo,320.0
Bowls (Save Upto 40%),319.56
Kabab,319.44
Korean Spicy Fest(Limited Time Only),319.24
Chicken Boneless ,319.0
MAIN COURSE VEG,319.0
Kuzhimanthi (Arabic),319.0
All Day Breakfast Combos,319.0
Mac & Cheese bowls by The Good Bowl,319.0
Chicken Gravy,319.0
"Pastas, Lasagnas & Quesedilla",318.31
Ice Cream Sandwiches,317.8
Chinese Rice,317.79
Alfredo Pastas [White Sauce],317.75
Keto Salad Bowls,317.0
Burger Meal Combos,317.0
Mini Pack,316.95
Tandoori Starters,316.82
Thali,316.38
Thin Pizza,316.19
Signature Rice Bowl,316.08
Veg Chinese Starters,315.88
Tandoor Starter,315.67
Paneer Gravy,315.67
Combos and Meals,315.33
Kebab's,315.0
Tandoori (Kabab),315.0
Mini Combo Rice,315.0
Croissants & Viennoiserie,314.69
Main-course,314.44
Pasta Lunch Box,314.12
Moo Mithaa Karloji,314.0
Oriental Staples Non Veg,314.0
Continental ,314.0
Starters & Salads,313.71
Non-Veg Rice Bowls [Steamed Rice],313.12
Oriental Rice,313.0
Full Plates,312.5
Kebab Corner,312.33
Main Course Chinese,312.0
Tandoori And Tikka,312.0
Tawa Special,311.67
Rosa Pastas [Mixed Pink Sauce],311.5
Kebabs,311.0
Veg Main Course,310.95
Rice/Pulao/ Biryani,310.83
Pastries and Desserts,310.82
North Indian,310.7
Non Vegetables,310.0
Chinese Starters Small,310.0
Alfaham Mandi,310.0
Coconut Special Biriyani,310.0
Non-Veg Homely - FEAST THALI,310.0
Cheesecakes,310.0
Matcha Oasis Refresher,310.0
Thalis & Platters,310.0
Biryani Feast Thali,309.91
Monsoon Combos,309.86
Snacks & Starters,309.67
Desserts And Sundaes,309.0
Fish,308.98
3 Layer Rice Bowl,308.9
Chopsuey,308.89
Grills,308.33
Main Course (Indian),308.33
Namkeens - Namak Ishq Ka,308.24
Thali & Combo,308.0
Chettinad Special Gravy,308.0
To Start With,308.0
Double Patty Burgers & Meals,307.81
Indian Main Course (fish & Prawns),307.4
Paneer Dishes,307.38
Celebration Day Combo,307.33
Thalis & Rice Bowls,307.31
5 Course Chicken Feast,307.3
Multigrain Roti Meals,307.12
Chinese - Rice And Noodles,307.0
COMBO,307.0
Indian Starters Small,306.67
Tiffin Box,306.6
Indian Traditional Chicken,306.57
Refreshing Quenchers,306.14
Rain Special Hot Soups,306.11
"Fried Rice,noodles & Chopsuey",306.03
Dessert Jar,306.0
Sharing Plates,305.71
IPL Combo,305.67
Bengali Chena Sweets,305.5
Desi Flavour Of India,305.47
Mix Fried Rice,305.0
Mini Cake,305.0
Monsoon Must-Haves,305.0
Keto Currys & Indian Breads,305.0
All-in-1 Thali Meals,304.77
Indian Starters,304.69
Deluxe Thali (New),304.56
Hot Special Flavorful Beverages,304.0
Breakfast Buffet,304.0
North Indian Combos,304.0
Bowls,303.75
Mutton (Gravy),303.33
Oriental & Italian,303.33
Appetizers and Gravy Chinese,303.17
Chinese Combo Non Veg,302.5
Vegetables,302.15
Gravies,302.11
Chicken And Beef Center,301.82
Veg Special Pizza,301.71
Continental Bowls,301.61
CHOPSUEY,301.5
Sides And Snacks,301.0
Asian Bowls,300.75
Crunchy Burger And Crispy Sandwiches,300.45
Alfahm Mandi,300.4
BIRYANI VARIETY,300.33
Tandoori / Tikka / Kabab,300.0
Desi Starters,300.0
Ganesh Chaturthi Modak,300.0
Ice Cream Stone Sundaes,300.0
Signature Dough Balls,300.0
Traditional Thali,300.0
Pasta & Macaroni,300.0
Chineese Combo Noodles,300.0
Fathers Day Special,300.0
Egg Mains,300.0
Thali [ No Onion & No Garlic],300.0
Mini Biryanis,300.0
Chineese Combo Meal,300.0
Special Combo -Meal,299.5
Stand Alone Meat Items,299.38
Thali & Meals,299.03
Special Falooda,299.0
Special Meals,299.0
Dugna Combo,299.0
Millet Kerala Parotta with Curry,299.0
*New* High-Protein Roti Meals,299.0
Premium Family Tubs (700ml),299.0
Non Veg Curries,299.0
Barbaque,299.0
Breakfast Favourites,299.0
Half N Half Pizza,299.0
Tunday Biryani & Rice,299.0
Char Ka Dum,299.0
Veg Burger with French Fries,299.0
Arrabiata Pastas [Red Sauce],299.0
Special Desi Starters,299.0
"Mutton Rolls [Big 9""]",299.0
Chaap Curry,299.0
Ice Cream Shake and Sandwich Combo,299.0
Value Meals - Newly Launched,299.0
Supreme Regular Pizza,299.0
Chinese Non  Veg,299.0
Indian Bowls,299.0
"Thin Crust Pizzas [Big 10""]",299.0
Chinese Traditional Chicken,298.8
BURGERS,298.77
Chinese Starters,298.47
Extra Value Meal Medium,298.42
Chilly,298.33
Non Veg Combos,298.0
Oriental Noodles,297.8
Authentic North Indian Breakfast Meals,297.57
Ethnic Dishes,297.5
Main Course Veg,297.05
Naga Pickles,297.0
Non Veg Dry Fry,296.67
Kebabs & More (New),296.5
Quesadilla,296.5
All Time Snacks,296.0
BonBons,295.97
Mexican ,295.67
Best In Thali Delight,295.67
Overnight Oatmeal,295.67
Noodle Bowls,295.53
Special Combo,295.27
Non-Veg Rice Bowls [Masala Rice],295.19
Shakes And Smoothies,295.0
Soya Gravy Items,295.0
Cheese Blast Burgers,294.57
Starter,294.52
Beverage Combos,294.44
Veg Mughal Biryani,294.38
Wow! China on Wow! Momo,294.26
Biryani,294.24
"Coffee, Tea  & Milo (Hot & Cold)",294.0
HNH Ice Cream Pastry,294.0
Yumburg Deals,294.0
Finely Baked Cheesecake Pastry,293.57
Tibetian,293.33
Upper Crust Special Combos,293.12
Garlic Breads & Starters,292.86
Kantis,292.67
Gift Packs,292.37
Must Try Combos,292.24
Gourmet Ice Cream Tubs,292.18
Cold Blends,292.16
Non-Veg Paratha Bowls,291.86
From The Wok,291.8
OVERNIGHT OATMEAL BOWLS,291.5
Indian Cuisine,291.5
Crafted Desserts,291.39
Value Meals (Save Upto 47%),291.39
SALAD,290.71
Indian Non Veg Gravy,290.68
Biryani Bowls & Combos,290.36
Gluten Free Desserts,290.0
Affordable/Bengali Meal,290.0
Dal And Khichdi,290.0
Open Fire Grill,290.0
Sweet Crepes,290.0
South Indian Thali [n],290.0
Main Course South Indian,290.0
Kathi Roll,290.0
Gourmet Non Veg Pizza,290.0
Cafe aurora glass noodles,290.0
Mandhi,290.0
Sub,290.0
Pan Asian Starters,290.0
Pork  Fried Rice,290.0
Mughlai Biriyani,290.0
Non Veg Main-dishes,289.88
Rice And Bowls,289.69
Matcha,289.52
Rumali Roti Lunchbox,289.16
Value Biryani Bowl,289.0
Bagara Pulav Meals,289.0
Lucknowi Biryani,289.0
Mast Dum Biryani,289.0
Kolkata Biryani,289.0
Value Meals starting at 259 (Serves 1),289.0
GBC Mini Meals,289.0
Chimichurri Burgers & Wraps,289.0
We Recommend,289.0
Special Occassion Wali Thalis,289.0
Gulaabo Combo @ 189,288.86
Wings,288.75
Chinese (veg),288.64
Snacks N Starters,288.33
WeFit Keto Meals,288.17
Noodles Large,287.65
Classic Bowls,287.58
HEALTHY SOUPS,287.57
Fixed Meals,287.33
Dum Biryani Thali,287.28
Fried Chicken,287.22
Paneer Main Course,286.96
Chinese Starter,286.85
Koozi,286.67
Celebration Cakes And Desserts,286.44
Noodles Small,286.43
Veg Appetizers,286.33
Momos Combo,286.25
Spaghetti,286.24
Rice Bowl Combo's,286.0
Chinese Wok (Veg),285.83
Assorted Sweets,285.71
Thukpas,285.67
North Indian Curry,285.58
Pizza's,285.55
Kebab,285.4
Tiffin Bliss Bonanza,285.33
Non Veg Curry,285.16
Spl Combo,285.0
Diwali Special,285.0
Vegetables Main Course,285.0
Round The Clock,285.0
Chicken Curry,285.0
Masala Shawaya Mandi,285.0
Value Meal Bento,284.67
Thalis,284.47
THALI,284.25
Traditional Classic Pizza Non Veg,284.25
Chinese Appetizers (veg),284.2
Biryani ( Serves 1),284.0
Value Fun Pizza @ 100,284.0
Veg Combos,284.0
Non Veg Starters,283.93
Chilli Momo,283.92
Chinese Delight,283.85
Iced Coffee,283.8
Non Veg Gravies,283.58
Oriental Starters,283.29
Chinese Rice & Noodles,283.29
450 ML Ice Cream Tubs (Serve 4-5),283.05
Mini Tiffin Meals,282.86
Biryani Lunchbox,282.85
Behtareen Veg Biryani's,282.67
Veg Pizza,282.41
Indi Pastas [Makhni Sauce],282.33
Veg. Curries,282.33
Mountain Paneer,282.0
Healthy Soya Chap Special Items,282.0
Millet Roti with Curry,282.0
Thalappakatti Combos,281.85
WOK,281.2
Ghee Rice Bowls,281.0
Cheese Burst Burger Meals,280.79
Dosai Classic,280.77
Combo,280.22
RICE NON-VEG,280.21
Keto Rolls,280.11
Snack Time Specials,280.06
Tandoori Tikka,280.0
Tandoor Se Mulaqaat,280.0
Peri Peri Momo,280.0
Beef ,280.0
Christmas Gifting,280.0
Soya Chikka,280.0
Jain Menu,280.0
Swag Combos,280.0
Hk Chef Special Biryani,280.0
COMBO PACK,280.0
Fried,280.0
Hi - Tea,280.0
Indie Chini,280.0
Chilli Garlic Fry,280.0
Happy Meal.,279.73
Rice Bowls Small,279.64
Paratha Lunchbox,279.38
Indian Curries Small,279.09
Prawn Main Course,279.0
Mutton-Fish,279.0
Ganesh chaturthi specials,279.0
Main Course (north Indian),279.0
Non Veg Burger with French Fries,279.0
Panino,279.0
Side,279.0
Chinese Specials ,279.0
Non Veg Sandwich with French Fries,279.0
Fried  Wings,279.0
Wow! Bowls (Newly Launced),279.0
Recommended,278.87
Cheesecake Slices,278.84
Dry Items,278.67
Rice & Noodles,278.46
Chinese Main Course,278.32
NOODLES NON-VEG,278.14
Dal Aur Chawal,278.0
Wow! Birthday Save up to41%,277.95
Wholesome Khichdi,277.91
Gourmet Veg Pizza,277.87
Rice Bowls,277.82
Pizzas,277.62
Stuff Paratha Combo,277.57
Sweets (desi Ghee),277.5
No Added Sugar Range,277.33
Main Course [Curry],277.16
Indie Wraps,277.1
Refreshing Beverages,276.69
Brownies,276.48
Traditional Dosa,276.44
Rice Large(c),276.43
Barish Combo Save up to41%,276.14
Ice Cream Rocks,275.96
Everyday Meals For One,275.67
Gourmet Pastas - by Hola,275.67
Chicken Starters,275.48
Flavours of India,275.16
Deal Of The Day,275.13
Veg Tandoori Snacks,275.0
Mountain Spicy,275.0
Kofte,275.0
Upwas Special Bowls,275.0
Indian Main Course,274.53
Baked Cheese Rice Bowls (Powered by Firangi Bake),274.26
Veg Homely - FEAST THALI,274.11
Combo Meals,274.09
Non-Veg Homely - EVERYDAY THALI,274.0
Soya Chaap Main Course,274.0
Lunch / Dinner Delicacies,274.0
SCHEZWAN FRIED RICE & NOODLES,273.64
Mix Noodles,273.33
Rice/pulao/biryani,273.33
Jar,273.09
Keto and Salads,273.0
"7"" REGULAR PIZZAS | NON-VEG",272.79
Veg Pizzas,272.33
Combos [Any Time],272.33
Dal & Rice,272.33
ROLLS,272.12
Four Course Meal,271.89
My Favourite,271.68
Popeyes iconic sandwich,271.67
Faloodas,271.6
Non Veg Noodles,271.36
Pastries And Desserts,271.3
Curries,271.2
Midnight Feast,271.05
Deal of the Day,271.01
Fresh Salads,270.65
"REGULAR 7"" PIZZAS | VEG [SERVES 1]",270.54
2 Value Biryanis @ 99 each,270.43
APPTIZERS VEG,270.42
Gourmet Series (Veg),270.37
Dessert Sandwich,270.0
Wings & Tenders,270.0
Rice Items (north Indian),270.0
Yakitories,270.0
Cafe aurora kimbap,270.0
Exotic Delight Sandwich,270.0
Wah chicken thali,270.0
Soups & Thukpas,270.0
Biryani  and Rice,270.0
Meat,270.0
Mexican Range & New Offerings,270.0
Shabal Special,270.0
Appetizens,269.17
Veg Delight Starters,269.11
Rice Bowls With Drink,269.0
Boba Shakes,269.0
International Blends,269.0
Oriental Staples Veg,269.0
Food Pack Dinner,269.0
Food Pack Lunch,269.0
BAO,269.0
Dominos Classics,268.99
Tidbits,268.73
Taste OF India Combos,268.57
Chinese Non Veg Starters,268.3
Ice Cream Party Packs,268.22
Indian Traditional Fish & Prawn,268.0
Sabji By Kg,268.0
Chocolate Cake Slices,267.67
Bubble Tea,267.62
Chicken Fried Rice,267.5
Healthy Desserts Jar,267.5
Special Biryani,267.38
Harley's Signature Medovik Pastry,267.0
Dahi,266.67
Party Combos,266.16
"Pizza, Burger & Sandwichs",265.89
Chicken Biryani,265.67
Vegetarian,265.54
Jars,265.0
Cheese Samoxa,265.0
Chana Masala Items,265.0
Gourmet Cookies,265.0
Super-duper Thick Shakes,265.0
Sundaes,265.0
"Breads, Dry Cakes & Biscuits",264.44
Khazana-E-Basmati,264.0
Veg Sandwich with French Fries,264.0
Non Veg Pizzas,264.0
Chicken (Gravy),264.0
Khichdi Combo's,264.0
"7"" REGULAR PIZZAS | VEG",263.71
Desi Ghee Namkeen & Snacks,263.5
Desi Rice Bowls,263.44
Cafe Aurora Burger,263.33
Rice Preparation,263.33
Nathus Special Sweets,263.33
Family Tub [550 ML],263.0
North Indian Curries,262.97
Biriyani,262.7
Honey Alfahm Mandi,262.5
Yummy Bites Special,262.5
Indian Rice Veg,262.5
Veg Varieties,262.5
Iced Coffees,262.44
2 Burgers @ Rs 139,262.42
South Indian Meals,262.33
Ottappams,262.25
Shakes & Smoothies,262.14
Curry,261.74
Basmati Khazana,261.67
Mains (non-veg),261.67
WeFit Grilled Protein,261.58
Biryani ,261.5
Pasta (italian),261.5
Combos,261.25
Make your own Combo,261.25
RICE BOWLZ,261.21
Biryani And Rice,260.73
Special Fruits Milk Shake,260.29
Indian,260.02
Chinese Combos,260.0
North Special Dishes,260.0
Kitchen Stories,260.0
Chinese Starters ,260.0
Noodle Dishes,260.0
Bibimbap,260.0
Veg ,260.0
Sweets And Savories,260.0
TSS Signature Sandwich,260.0
Gravy Boneless,260.0
Vip Special,260.0
Special items,260.0
Pork Special,260.0
Uttappam,260.0
North Indian Meals,260.0
Gourmet sandwiches,259.77
Biryani Rice,259.75
Biryani Bowls,259.5
Non Veg Fried Rice,259.44
Rice And Noodles,259.23
41 grams Protein Rolls,259.0
GBC Special Rolls,259.0
Meals & Combos,259.0
Main Course Sea Food,259.0
Mushroom Tikka,259.0
Paneer Tikka,259.0
Biryani & Fried Rice,259.0
Late Night Veg,259.0
Veg Seasonal,259.0
High Protein South Specials,259.0
Mughlai Combos,259.0
BOOM Double,259.0
WRAPS AND MEALS,258.98
Majaa Thindi Curry Specials(online),258.33
Rice Lunchbox,258.17
Chocolate,258.14
Swiggy Exclusive Combos (serves 1),258.0
Soups & Salads,257.8
Biryani & Rice,257.79
Gourmet Sandwiches,257.24
Asian Fusion  Sundaes,257.0
Chicken Wings,256.85
Momos or Wanton,256.67
Chilli,256.67
Manchurian,256.67
Kanti And Kebab,256.67
Mawa Sweets,256.66
Alfahm,256.5
Kulcha Lunchbox,256.11
North Indian Rice,256.05
Mini Burrito Bowl (New),256.0
Curry Non Veg,255.67
Main Course,255.65
Veg Rice Bowls [Steamed Rice],255.59
Rice & Biryani,255.54
Fizzies,255.0
Chinese Noodles,255.0
Dal Aap Ki Pasand,255.0
Schezwan Noodles,255.0
Dal & Lentils,255.0
Parsas Special,255.0
Cold Refreshing Beverages,255.0
GHEWAR,254.71
Rice/Pulao,254.67
Handmade Chocolates & Doughnuts,254.24
Burgers,254.21
WeFit Super Salads,254.0
Stuffed Paranthas,254.0
Healthy Pudding,254.0
Single Meal,254.0
Value Bowl,254.0
Kids Friendly Millet Noodles,254.0
MEAT,253.75
Indian Rice Non Veg,253.75
Chinese Fried Rice,253.55
Breads & Bruschetta,253.5
Vegan & Sugar Free,253.39
Pork Noodles,253.33
Italiano Pizza,253.33
Traditional Classic Pizza Veg,253.28
No Added Sugar range,253.15
Salads,252.52
Chaap,252.36
Chur chur naan & chole kulche combos(with raita),252.33
Gujarati Fix Thali [Jain Not Available],252.33
Super Rolls,252.22
Starters Veg,252.13
Late Night Cravings,252.11
Non-Veg Homely - LIGHT MEAL,252.08
Wow!  Momo  On  Wow China,252.02
Kathi Rolls,251.87
Dry Fruits,251.52
Mini Thali Meals,251.33
Jain Special,251.2
Naturally Good Sundaes,251.0
Veg Rice Bowls [Masala Rice],250.91
Aloo Main Course,250.5
Croissants & More,250.14
DOTD,250.13
Pizza And Burgers Combo,250.0
Peri Peri Alfahm Mandi,250.0
Non Veg Bites,250.0
All The Way From China,250.0
Lunch Box,250.0
Chop Suey,250.0
Mutton Fried Rice,250.0
Chakna... Bottle K Sang,250.0
CHINESE,250.0
Non Veg Combo,250.0
Mango Mania,250.0
Chicken Noodles,250.0
Punjabi sabji,250.0
Chicken Items [halal],250.0
Fil Fil Alfahm Mandi,250.0
Classic Milkshake,250.0
Snacks & Kebab,250.0
Burrito wraps (cheese),250.0
Wraps And Roll,250.0
Fried Rice And Noodles,249.91
Dry Fruit Item,249.5
Kolkata Special Biryani,249.5
Ganesh Chaturthi - Modak Special,249.44
COMBOS,249.43
Egg Main Course,249.2
Bread/Rice Thali,249.0
Pesto Pasta,249.0
Premium Pizza Regular,249.0
Lentils & Curries  [ Serves 1-2 ] ,249.0
Medium Pizza,249.0
Char Ka Pyaar,249.0
Giant Burgers,249.0
Salem RR Non Veg Starters,248.67
Mava Sweets (khoya),248.57
Garvy,248.57
Old Classic Sandwich,248.33
Falooda,248.33
Cafe Aurora Soup Snacks Non Veg,248.33
Pocket Friendly Meals,248.03
Street Sliders,248.0
Iced Cold Coffee,248.0
Crispy Chicken & Wings,248.0
Bakery & sweets,248.0
PAN ASIAN FEST,248.0
Rice And Biryani,247.67
Continental Appetizer,247.67
"Rice, Breads & Biryani",247.57
Ice Cream Sundaes,247.5
Salads Bowl,247.5
Paneer Special,247.38
Ganesh ChaturthiÂ Special,247.36
House Special Garlic Breads!,247.35
Special Sweets,247.14
Rice and Biryani,247.05
Punjabi Main Course,246.83
Non-Veg Indian Dawat-E-Lazees,246.8
Chapati Lunchbox,246.71
Garlic Noodles,246.67
Keto Stuffed Parathas,246.5
Pizzas & Pasta,245.94
Ganesh Chaturthi Special,245.81
Dry Snacks (chinese),245.67
Hot Coffee Selections,245.53
Special Desserts,245.5
Value Combos,245.38
Chicken And Mutton Rolls,245.25
Biryani Box,245.15
Schezwan Dosa,245.0
Peri Peri Shawaya Mandi,245.0
Spl Juices,245.0
Paneer,244.98
Sweets (Mithai),244.77
Cookies,244.7
NON-VEG BURGERS MEALS,244.34
Rice Items South Indian,244.0
Traditional Sweets,244.0
Executive Meal,244.0
Indian Main Course (veg),244.0
Flavor Burst Burgers,244.0
Special Local Dishes,244.0
Chinese Gravy,243.94
Fried Rice,243.91
Mushroom,243.85
Amritsari Kulcha With Chole And  Amul Butter,243.8
Pasta,243.71
Mushroom Main Course,243.67
Momos 10 pcs,243.54
Chcken  Strips BL,243.33
Continental Special Menu,243.12
"Desserts, Waffles & Sundaes",243.0
Indian Rice,242.67
Chinese Vegetarian Items,242.5
Ice Cream Desserts,242.5
Mango Fiesta,242.5
Chineese,242.27
Chinese Combo,242.21
Tandoor,242.01
Hot Milk Coffee,242.0
Noodles,241.94
Fried Rice And Chowmein,241.79
Combo Veg & Non Veg,241.67
Monsoon Combo,241.67
A La Carte,241.43
Indian Traditional Dal & Vegetable,241.43
Half Biryani,241.36
Sweet Ending,241.0
Burger Wraps (Extra Crunch),241.0
Jar Cake,240.81
Janmashtami Special Falahari Namkeen,240.5
Fried Rice & Noodles,240.42
Rice Regular,240.33
Homely Rice Meals,240.25
Starters And Rolls,240.0
GANESH CHATURTHI SPECIAL,240.0
BIRYANI,240.0
Burger (combo),240.0
Noodles Soups,240.0
Choley/Rajma,240.0
Idli Platters,240.0
Chilli Garlic Noodles,240.0
Dream Cake (Mini Pack),240.0
Veg Homely - EVERYDAY THALI,239.93
Korean Specials,239.59
Bumper Offer,239.17
Non Veg Starter,239.0
Loaded Nachos,239.0
Lentils,239.0
Calzones,239.0
Anjappar Super Combos,239.0
THUKPA,239.0
Bento Box,239.0
Chicken and Roti Combo â€œNewly Launchedâ€,239.0
Gimbap Korean,239.0
Dal Balti,238.8
Chowmeins,238.33
RICE AND BIRYANI,238.33
Rava Masala Dosa,238.11
Party Accessories,238.1
Chinese Traditional Veg,238.0
Ghee Ki Mithai,238.0
Eat At Desk Meals,237.75
Flat 179 Meals/Bucket,237.62
Sawan Special,237.5
5 Course Pizza Feast,237.35
Signature Cold Coffees,237.33
Barfi,237.23
Blends From Aromas Plantation,237.0
Fruit Pop Jars,236.84
Khichdi,236.83
NOODLES VEG,236.5
Pulao And Rice,236.43
South Special Dosa,236.29
Salad And Soup,236.0
Rice Bowls [ Serves 1 ],236.0
Coffee,235.72
Old Delhi Famous Roasted Item,235.67
Executive Meals,235.67
Indian Veg Gravy,235.45
Halwa,235.26
Guilt Free Wraps (Wholewheat),235.11
Ghewar,235.05
Chinese Soups,235.0
Tandoor E Snacks,235.0
Pastas,234.95
Veg & non veg special combo,234.55
Continental Kitchen,234.42
Healthy Khichdi,234.33
Slices,234.26
Korean,234.22
Cheesy Pizza Mania Box,234.21
Rolls,234.05
Classic Desserts,234.0
Mutton Dishes,234.0
Dum Biryani,233.92
Cholley Bhature And Pav Bhajji,233.5
Mountain Premium,233.43
Fried Momo,233.39
Handi Mughlai,233.29
Loaded Snacks,233.0
Duo Meals,233.0
Penda & Fruit Cake,233.0
Must Try,232.86
Chinese BOWLJ,232.75
Healthy Khichdis,232.67
Snacks/Fries,232.5
FLAT 179 SPECIAL MEALS/BUCKET,232.49
Monsoon Specials,232.25
Single Order,232.22
Meethe Me Kuch,232.0
"Al-Faham- Juicy,Creamy,Butter",232.0
Millet South Indian Bowls,232.0
North Indian Gravy,231.89
Ghee Sweets,231.88
Crispy Chicken,231.64
Royal Curries & Breads,231.52
Cold Brew,231.5
Dessrt Chhena,231.43
Pita Pockets (New),231.33
Rice (Veg &  Non Veg),231.29
Mawa dryfruit sweet,231.25
Chimichurri Burgers,231.17
Season Special Combos,231.0
Thali Indian,231.0
Andhra Bowls,230.81
Veg Starters,230.8
The Ranveer Singh Meal,230.74
Without Onion Garlic,230.38
Fresh Popcorns,230.25
Chicken Spicy Special,230.0
Hot Spot Grill Speciality,230.0
Rava Dosas,230.0
Cris Combo,230.0
Prawn Noodles,230.0
Kabiraji Cutlet,230.0
Desserts - Cakes & Muffins,230.0
Ice Cream Shakes,230.0
Lebanese Alfahm Mandi,230.0
Fried rice and hakka noodles,230.0
Veerji Special Biryani,230.0
Combo Value Meal,230.0
Chilli Items,230.0
Sandwiches and Wraps,229.75
International Wraps,229.65
Pizza Wraps,229.59
Indian Meals,229.47
Mushroom Special,229.4
Toastizzas And Garlic Breads - New,229.29
Indian Veg,229.03
Royal Daawat Biryani,229.0
Khichdi & Flavoured Rice,229.0
Kulfi Falooda,229.0
Fried Rice/ Noodles,229.0
Regular Pizzas,229.0
Sukuaa (Dry Fish Item),229.0
Non-Veg Snacks,229.0
BOOM Cheese Burst,229.0
Combos N Meals,229.0
Egg Gravy,229.0
Gravy Chaap,229.0
Wraps n Rolls,229.0
PITA POCKETS,229.0
Popeyes Signature Chicken,229.0
All day breakfast,228.78
Janmashtami Special Falahari Sweets,228.75
Chole Bhature Comboâ€™s,228.67
Main Course Indian Curry,228.67
WeFit Multigrain Sandwiches,228.66
Combos & Assortments - 15% Flat Off,227.57
Chinese (Non Veg),227.55
Biryani & Noodles,227.5
Gadbad/Custard,227.5
Rice,227.41
Noodles/rice,227.0
New Chicken Wings,227.0
Mawa Barfi,227.0
Delicious Rolls [With Gravy],227.0
Chinese Menu,226.5
"Biriyani , Khichdi And Fusion Rice Bowls",226.5
Flavor Fresh Gourmet Burgers,226.5
Chilli & Gravies,226.33
Newly Launched,226.1
Paratha Platter,226.0
Veg Indian Curry,225.67
Meal For 1,225.5
Tikka & Kebab,225.5
The Chinese Delights,225.33
Dimsum,225.0
Rice Noodles,225.0
HEALTHY DESSERTS,225.0
Fish Dishes,225.0
Combo Meals & Thali,225.0
Chinese Magic Rice,225.0
So Southy Rice,225.0
"Vegetarian Tandoor, Indian & Chinese Starters",224.62
Combo Specails Malabar Plaza,224.5
Chicken Pops,224.5
Indian Starter,224.38
Indian Non Veg,224.29
Combos ,224.25
Mini Bowls,224.2
Thali From Shreelal,224.0
Flat Menu 149,224.0
Pure Veg,224.0
Cake & Pastries,223.67
Exclusive Deals (Save upto 40%),223.52
SPECIAL MOMOS,223.33
Hot Coffee,223.0
Quick Bites,222.54
Combo Pack,222.5
Poha & Upma,222.5
Veg Gravies,222.45
Cheeseblast Burgers,222.4
Handi Rice,222.33
Phat Burger,222.33
Mowraps,222.33
Indian BOWLJ,222.0
Shaan Sweets And Snacks,222.0
Tandoori Paneer Tikka or Kabab,221.87
Our Combos,221.86
Rice Bowlz,221.8
Kids Meal,221.8
Burger (Whole Wheat Goodness),221.67
Burger Wraps - The No Mess Express,221.64
Must try combos,221.33
Handi Special Wholesome Rice Bowl,221.22
Stuffed Paratha Lunchbox,221.14
Dessert Tubs (Pure Veg),221.02
Break Fast,221.0
Fried Fish,221.0
Signature Garlic Knots,220.82
Fiery Wings,220.67
McSaver Combos (2 Pc Meals),220.25
Milkshakes With Ice Cream,220.2
Shawarmas,220.05
Burger(With French Fries),220.0
Indian Soups,220.0
Jelly / Fruit salad / Sweets,220.0
Diwali Crackling Combos,220.0
Veg & Gravy,220.0
Veg Speacial Pizzas,220.0
Malgaipodi dosa,220.0
Sandwich Grilled,220.0
Chilli Noodles,220.0
Fish Chilly Dry/gravy,220.0
Sweets [No Added Sugar],220.0
Assorted  sweets box,220.0
Fast Food Combo,220.0
Faloodas(0),220.0
Thukpa,219.82
Healthy Foods,219.62
Chinese Items,219.14
Handi Mushroom,219.0
Pastas & Burgers,219.0
WONTON,219.0
Dal Se,219.0
Nepalese BOWLJ,219.0
Biriyani Mini Packs,219.0
Idiyappam Curry Bowls,219.0
Sandwich Bar,219.0
Old Delhi Famous Fried Chicken,219.0
Supergrain Khichdi Bowls,218.89
Soup & Shorba,218.75
Noodles Bowl,218.5
Swiggy Exclusive Combos,218.36
Main Course (Veg),218.33
Coriander Dosa,218.33
Chicken Special,218.06
Mini Rice Bowls @100,217.93
Noodles Regular,217.89
All Day Breakfast,217.56
Mughlai Paratha,217.5
Indian main course,217.5
Rolls & Fries,217.5
Healthy Salads & Raita,217.5
Biscoff Cookie Sundaes,217.4
Special Ice Cream,217.25
Handi Paneer,217.25
Wraps & Rolls,217.25
"Chicken Rolls [Big 9""]",217.1
All-New Sundaes,217.0
Diwali Quick Picks,217.0
North Gravy,216.8
Milkshake,216.8
Meals For One [Serves 1],216.67
"Cold, Soft & Package Beverage",216.67
Milkshakes,216.53
Polar Bear Originals,216.5
Handi Palak,216.5
Fruit Salad,216.25
Jain Selection,216.25
Specials,216.25
Idly Vada,216.11
Hot Dogs,216.0
Entre In Vegetable Dishes,216.0
Fried Rice / Chicken / Pork,216.0
Non Veg Meals ,216.0
Pizza & Burger,215.9
Tikka & Kebab Rolls,215.67
Starters,215.55
SOUP NON VEG,215.42
Chicken Dishes,215.33
Salads & Accompaniments,215.28
South Indian Bowls,215.25
Paratha Rolls,215.21
Main Course Regular,215.11
Shawarma & Rolls,215.0
Asian Special,215.0
Non Veg Kathi Rolls,215.0
Turkish Alfahm Mandi,215.0
Cold Coffee/ Smoothies/ Lemonades,215.0
Chinese   Veg,215.0
Mysore Dosas,215.0
Peda,215.0
Utthapams,214.86
Veg Meals,214.8
Meals For One,214.75
3PC Breakfast Meal,214.69
Barish Combo,214.5
Chinese,214.36
Choco Cravings,214.29
Desserts/ Falooda's,214.17
Sambharsa Special,214.0
Croissants Reloaded,214.0
Classic Semizza (Half Pizza) (Serves 1),214.0
Manchurian & Chilly,213.89
Sweeets And Desserts,213.8
Tandoori Momos,213.57
Happy Meal,213.48
Noodles And  Rice,213.33
Wholesome Breakfast Meals,213.2
Shravan Special Curd Rice ,213.0
All Day Breakfast Box,212.69
Death by Chocolate Sundaes,212.67
Veg Paratha Bowls,212.64
Boba Tea,212.5
Uttapam And Vada,212.5
Tea Cakes,212.41
Upwas Specials,212.24
Value Snackers,212.21
Biryani & Rice In Bowl,212.14
Ice Cream Bricks,212.0
Creator Collaborations,212.0
Dal And Paneer,211.5
"Paneer Rolls [Big 9""]",211.5
Exclusive Combos,211.33
Meals,211.08
Super Indulge,211.02
Vegetables Gravy,211.0
Rava Plain,211.0
MNC Special Momos,210.67
Cheesecake,210.67
Teej Special,210.57
Oh! Saucy (Newly Launched),210.33
All Day Special,210.29
Kadhai Meals,210.25
All Items,210.21
Cold Beverage ,210.11
Baked Cheese Pastry,210.0
Gralic Bread,210.0
China Town Specials,210.0
Rolls & wrap,210.0
Something Sweet,210.0
Arabic,210.0
SUMMER BEVERAGES,210.0
Combo Item,210.0
Laddu,210.0
Oberai Shake Factory,210.0
Mawe Ki Mithai,210.0
Stuffed Garlic Breads,209.77
Khakhra,209.73
Ganesha Festival Special,209.61
Fried Rice and Noodles,209.57
Festive special,209.5
Kothu Parotta Corner,209.0
Pork Momos,209.0
Southern Spiced Khichdis,209.0
Pure Soya Tandoori Funny Names,209.0
Signature Paneer Rolls,209.0
Paratha Corner,209.0
Kabab Keema,209.0
Boneless Chicken,209.0
Appetizers,208.95
Indian Desserts,208.68
Premium Cheesy Mania (100% Dairy Cheese),208.63
Cupcakes,208.16
Vegetarian Delights,208.09
Lazeez-E-Chicken,208.0
Cheese Burst Burgers,207.69
Rice and Pulao,207.5
Arabic Shawaya Mandi,207.5
IN BETWEEN BREADS,207.5
Chinese Magic,207.5
Biryani Fried Rice And Noodles,207.5
"Breads, Dips & Snacks",207.33
Entre Dals,207.0
Fresh Fruit Juices & Milk Shakes,206.91
South Indian (100% Shudh Desi Ghee),206.82
South Indian Foods,206.77
Ganesh Chaturthi Specials,206.75
Handi Chaap,206.73
Gangtok Loves,206.71
Biryani/pulao,206.67
Indian Style,206.67
Tandoori Chaap,206.67
Teej Specials,206.67
Crunchy & Loaded Nachos,206.5
Pulao,206.39
"Biryani,Rice and Pulao",205.82
Wok Fried Rice,205.38
NEW BK Fusion (Made with KitKat),205.38
Curries & Subzi,205.33
Chicken Momos,205.25
Shravan Specials [ss],205.0
Lite And Wholesome,205.0
Biriyani & Rice,205.0
Khichuri ,205.0
Arabian Grill & Shawarma,205.0
Chinese Wraps,204.88
Rice and Noodles,204.67
Milkshakes (ice Cream Shakes),204.66
NEW Whopper Deluxe (Reg. Size Bun),204.41
Rumali Roti Thali (New),204.33
Pizza Flix (non Veg),204.0
Boss Burgers,204.0
Kathi Roll's,204.0
Mawa / Ghee Sweets,204.0
Grillicken ( Grilled Chicken ),204.0
Starters Pizza,204.0
VEG BURGERS MEALS,203.91
Dosa Classic,203.89
Chakli and Mathri,203.75
Chicken Delights,203.5
Subji,203.5
For One Combos,203.44
Indo Chinese ,203.33
Soups Chow,203.33
Plain Sabji,203.33
Biryani Pulao,203.33
Indian Fish,203.33
Indian Snacks,203.2
Jain Food,203.17
Rice & Raita,203.0
Korean Burgers & Wraps,202.95
Dessert Jars,202.89
Combos [Meal For 1],202.74
Classic Momos,202.5
Vegetable Delight,202.22
Chicken Bucket,202.14
Veg Fried Rice,202.0
Fries & More,202.0
Veg Gravy,202.0
"Pizza Corner (8"" Base)",202.0
Shravan Specials,201.93
Hakka Noodles,201.67
Haldiram Specialities,201.5
Rice Meals,201.18
Paneer and rabdi,200.67
Street Food Snacks,200.57
RICE,200.33
Sandwiches,200.04
Meat Items,200.0
Pocket Friendly Combo (serve 1),200.0
Ice Cream Sundae,200.0
Tibeten Momo,200.0
Idd special,200.0
SUB,200.0
Cafe Aurora Noodles,200.0
Nuts & Dry Fruit,200.0
Garam Sweets,200.0
Paneer sabji,200.0
Cake Slices & Desserts,200.0
Shawarma Pita Wrap,200.0
Wok Fried Chow,200.0
Fastfood,200.0
Parsi,200.0
Healthy momos,200.0
Gravy Dry Dish,200.0
Main Course Naga Curry,200.0
Rice [ Serves 1-2 ],200.0
Steam & Fries momos,200.0
Chow Chow / Noodles,200.0
Chizza,200.0
Fried Chicken Strips,200.0
Non-Veg Tandoori Snacks,200.0
Asian Snacks,200.0
Mushroom Noodles,200.0
Tea N Snacks,200.0
Cafe Aurora Fried Rice,200.0
Chinese Special,200.0
Sunny's Special,200.0
Special Dalbati,200.0
Mathi & Bhaji,200.0
Dry Cakes,199.91
Special Magic Momos,199.88
Rice Combo,199.73
Mini Meals,199.6
Veg Noodles,199.18
Veg Indian Dawat-E-Lazees,199.12
Cold Coffees,199.0
Comfort Thalis,199.0
Comfort Meals,199.0
Continental Appetisers & Small Plates,199.0
Midnight Munchies at 199,199.0
BOOM Classics,199.0
Mocktails ,199.0
Pastries Room,199.0
Old Delhi Special Curries,199.0
Non Veg Soup,199.0
*New* High-Protein Rice Bowls,199.0
Boba,199.0
Kulfi Rabdi,199.0
Thukpa [Noodles Soup],199.0
SINGLE PASANGA BIRYANI,199.0
Grits N' Gravy Special Thalis And Combos,199.0
All Day Breakfast Menu,199.0
ROLL,199.0
Fresh Kettle Popcorns,199.0
Single Pasanga Biryani,199.0
Kadhi Khichdi Thali,199.0
The Crunch Treats,198.9
Soups,198.9
Choice of Rice,198.8
Ice Cream Shake,198.75
Meal For One Combo,198.6
Fruity Delight,198.5
Sandwiches & Wraps,198.33
Everyday Classics,198.2
Gujarati New Launch (jain Not Available),198.0
Ladoo,198.0
Breakfast Box,197.95
Ghee Tempered Southern Spice Khichdis,197.75
2Pcs Combos at 99,197.69
Hot Selling Item,197.67
Soup Chow,197.5
Ala Carte,197.36
Boneless Chicken Popcorn,197.11
Pastries & Desserts,196.95
Pocket Friendly Items,196.9
Gravy Chow,196.67
Momo Mania,196.67
HOT TEA,196.58
Mixed Utthapam,196.43
Biryani Special,196.4
Rice [o],196.25
Handi Daal,196.2
Chocolate Sundaes,196.0
BIRIYANI,195.67
Indo Chinese,195.43
Chinese ( Non - Veg),195.33
Paneer Ki Sabji,195.33
NON-VEG MUNCHIES,195.11
Mangal Prabhu Hanuman Ji Special,195.0
Pure Soya Imported Fry Veg Meat,195.0
Pure Soya Veg Special Tandoori Items,195.0
Cheese Fries,195.0
Breakfast A La Carte,195.0
Chinese Combo Veg,195.0
Cinnamon Rolls - Regular,195.0
Across The Continent Soups,195.0
Handi Masala,195.0
Limited Meal Parcel,195.0
Fried-rice,195.0
Combos Items,195.0
Canned Beverages,195.0
Chinese Magic Noodles,194.5
Rice & Pulao,194.5
Holi Special,194.4
Chat Pati Chat,194.23
Lunch Items,194.17
Healthy Dessert,194.0
Millet Express Classics,194.0
Tandoori starters,193.75
Burgers & Wraps,193.57
Desi Ghee Sweets,193.46
Thali & Combos,193.4
INDIAN CHICKEN ITEMS,193.4
Handvo,193.33
Attitude Crispy Chicken,193.33
Veg Special Rolls,193.33
Shravan Special,193.05
Chillies,192.86
Crispy Fried Items,192.8
Breakfast Special's & Snacks,192.76
Freshly Baked Breads,192.7
Snacks Bucket at 199,192.57
Combo & Meals,192.5
Eggs,192.5
Veg Homely - LIGHT MEAL,192.33
Pasta BOWLJ,192.33
Chicken Shawarma Rolls,192.0
Soya Chaap,191.75
SOUP VEG,191.71
Crispy Potato,191.5
Noodles and Rice,191.43
Indian Main Course (egg),191.4
Sabji,191.39
Meals   ,191.0
Curries & Gravies,190.92
Dal & Sabzi,190.9
Bakery Savoury Snacks,190.83
Palaaram Snacks,190.8
Palaaram Frozen Snacks,190.8
Khushiya Double,190.68
Meals @100,190.67
Jar Cakes,190.5
Non Veg,190.3
Wraps,190.01
Chocolate & Coffee,190.0
Tandoori And Fry Veg,190.0
Thai,190.0
Noodles Items,190.0
Soups [UN],190.0
French Pastry,190.0
Healthy,190.0
Happy Burger Meal,190.0
Raita & Salad,190.0
Non Veg Meals,190.0
Iced Teas,190.0
Wrap [IW],190.0
Non Veg Special Roll,190.0
Burgers And Sandwiches,189.8
Burger - Non Veg,189.67
Namkeen & Chips,189.52
Rice [n],189.5
Special Dosa,189.5
Barcakes & Muffins,189.38
Crispy Fried Chicken,189.21
Seafood Gravy,189.0
Quick Lunch Parcel,189.0
Handi Seasonal,189.0
BOOM Spicy,189.0
TS Special Curries,189.0
Street Food Specials,189.0
Mexicano Burgers,189.0
"Veggie Rolls [Big 9""]",189.0
Original Recipe Cheesecakes,189.0
JK Signature Burgers,189.0
Chai Bite,189.0
Desserts and Sweets,189.0
Pastry/dessert In Jar,188.99
Viennoiserie,188.98
South Indian Menu,188.89
WRAPS,188.78
Kanti,188.75
South Indian,188.72
Shawarma,188.52
Today's Specials,188.33
Burgers & Sandwichs,188.0
French Fries & Munchies,188.0
Myfroyoland Original Frozen Yogurt,188.0
CHINESE COMBOS,188.0
Biryani Lunch Box,187.83
Beef Items,187.5
Kashmiri Dishes,187.5
Small Desserts,187.0
Indian Flavoured Rice,187.0
Veg Italian E Feast Pizza,187.0
"Tea, Snacks & Breakfast",186.77
Mixed Soups,186.67
B2G1 SPECIAL OFFER,186.51
Jugalbandi Slice Kulfi,186.44
Ice Cream Family Tubs,186.44
Mountain Classic,186.0
Masala Dosa,185.94
Mocktails,185.94
"Biryani , Pulao And Rice",185.86
Rolls & Wraps,185.6
Chinese (Veg),185.25
Sticks,185.03
Nag Panchami Specials,185.0
Garlic Breads + Cheesy Dip [FREE],185.0
Ghee Roast Masala Dosa,185.0
MOJITOS,185.0
Sparkling Iced Beverages,185.0
Sea Food Main Dishes,185.0
COLD BEVARAGE,185.0
Easy bites,185.0
Bombay Falooda,185.0
Tandoori Starter,185.0
Pulao[s],185.0
Assamese Thali,185.0
Slice Kulfi,184.85
Stuff Paratha,184.55
SPECIAL MEALS,184.5
Chiness Chow& Conti,184.2
Traditional Items,184.0
Fundaes,183.86
Pocket Friendly Rolls,183.49
Special Masala Dosa,183.45
Combo and Meals,183.44
Chef Special Non Veg Items,183.33
Indian Specialities,183.33
Desi Sandwiches,183.29
Dal Bafla Thali,183.2
Indian Breads And Rice,182.73
Special Item,182.66
Steam Momo,182.52
Beverages With Benefits,182.5
Omelettes,182.33
Keto Omelette & Eggs,182.33
Juice Items,182.14
Idli Classics,182.0
Biryani And Rice ,182.0
Desert,182.0
Burfee Collection,182.0
Biryani Items,181.91
Day Special Dosa,181.67
Banglore Dosa,181.67
Soup,181.66
Main Course (Dal),181.5
PUJA SWEET PACKET,181.33
B2g1 Special Offer,181.29
Burgers And Wraps,181.2
Paratha Combos,181.0
Classic Ice Cream Flavour,181.0
Veg Rice And Noodles,181.0
Special Kulchas,181.0
Chaat Chatori,180.71
Delicious Side,180.7
Dumplings,180.1
Chicken Strips,180.0
Wheat Momos,180.0
Cold Preshed Juice,180.0
Fasting,180.0
Seek,180.0
South Indian [ No Onion & No Garlic},180.0
Mains (veg),180.0
Our Signature,180.0
Fried rice and noodles,180.0
MOMOS DELIGHT,180.0
Starter ( Non- Veg),180.0
Packaged Item,180.0
Harley's Crocante Cupcakes,180.0
Cafe Aurora Soup Noodles,180.0
Hot Coffees,180.0
Chocolate Shakes,180.0
Mushroom Soup,180.0
Cafe Aurora Momo,180.0
Fruit Falooda,180.0
Weekend Combo,180.0
Dinner Special,180.0
ALL DAY LONG,180.0
Sweet Bakes,179.77
Chaat Items,179.33
Special,179.0
Snack BOWLJ,179.0
Thick Shake,179.0
Pocket Friendly Combo,179.0
Brizo (Biryani Type),179.0
Quick Bites From Egg,179.0
Millet Stuffed Paratha,179.0
McCafe,178.87
Pure Ghee Sweets,178.83
Coffee & Beverages (Hot and Cold),178.77
Soya Rolls,178.75
Paneer Items,178.57
Garlic Breadsticks + Cheesy Dip [FREE],178.57
Foxnuts & Peanuts,178.57
Non Veg Fry,178.46
"Double Scoops, Double Smiles",178.39
Sweets(5 Piece Pack),178.33
Special offers,178.33
Dal,178.16
Indian Traditional Egg,178.0
South indian,177.68
Coffee Sundaes,177.0
Tawa Pe,176.67
Tibetan Thukpa,176.67
Fasting Snacks,176.67
Rice varities,176.67
Pav Bhaji & Bhatura,176.6
99 Store,176.51
Thali & Combos ,176.5
Om's  Special Ghewar,176.19
Chinese And More,176.15
Tea Cake,176.06
Milk Shakes & Smoothies,175.82
cham cham ,175.5
Snacks [n],175.4
Alfaham,175.0
Pork Soup ,175.0
Tea/Coffee,175.0
Wadai,175.0
CHOCOLATE BAR SHAKES,175.0
Tibetan Delicacies,175.0
Arabic Dishes Shawarma,175.0
Food Zillas Special,175.0
Chicken biryani recipe,175.0
Jhol Momo,175.0
Cool Desserts,175.0
Waffle-Pancake with Ice Cream,175.0
Fini Special,175.0
Jain Food (without Onion Garlic),174.92
Pizza Flix (veg),174.67
No Deal Like McDeal,174.54
Rice And Pulao,174.53
Kaju Ki Sabji,174.5
Dal Tarka Maar Ke,174.5
Homely Combos,174.5
Samosa Kachori,174.38
Indian Dish,174.17
"Aloo Rolls [Big 9""]",174.0
Burgerwich,174.0
Gravy Items,173.56
Appetizers Veg,173.33
Fried  Rice,173.33
McBreakfast and Value Mornings,173.14
Fish Items,173.12
Non-Vegetarian Soups,173.0
Rice In Non Veg,173.0
Senior Non-veg Burgers,173.0
Curd And Raita,173.0
Dosas,172.82
Uttapam,172.81
Mixed Masala Dosa,172.75
Dry Namkeens,172.64
Shakes & Mocktails,172.5
Kachori King Combos,172.5
Sanchwiches,172.5
Wrap,172.4
Bun & Omelette,172.0
2PC Breakfast Meal,171.96
INDIAN ITEMS,171.89
Festival Specials,171.79
Momo,171.62
Sk Special  Thali,171.5
Maa Ki Rasoi Special,171.5
Chandni Chowk Ki Chaat,171.42
Wow! Kurkure Burger,171.33
All Time Favorites,171.25
Dosa Specialities,171.25
Dal's,171.25
HOME MADE SPREADS,171.11
Pongal Bowl Festival,171.0
Tacos,171.0
Milk Shakes,170.93
MineCraft Meal,170.72
Dastan-e-Kebab (Starters),170.39
Momos,170.34
Chow,170.11
Shawarma N Roll,170.0
Shake Shop,170.0
Overnight Oats,170.0
Our Speciality,170.0
Chiilli Paratha & Idly,170.0
Non Veg Starter Items,170.0
Spring Roll,170.0
Italian Pasta,170.0
Dal Ka Bahar,170.0
Rice [Late Night],170.0
Kulfi & Ice Cream,170.0
Momo Meal,170.0
Doi / Dahi,170.0
Boba drinks,170.0
Southern Rice Bowls,170.0
Soup Noodles,170.0
Soup Non Veg,170.0
Rice Bowl,170.0
NON-VEG BURGERS,169.67
Breakfast Specials,169.6
Pocket Frindly Breakfast,169.6
Sabziyaan,169.55
Vegetable Garden,169.52
Wonton,169.5
Meals - Indian Veg,169.25
Burgers and Wraps,169.16
Momo on Wow! China - Newly Launched,169.0
Rabdi,169.0
Veg Wraps And Kathi Rolls,169.0
Platter,169.0
Taco,169.0
Mumbai Toastie,169.0
Noodle Soup,169.0
All Time Fav,169.0
Double Trouble Burgers,169.0
Pizza And Pasta,169.0
Belgian Waffles,169.0
Olio X PHAT - Sides & Fries,169.0
Intox,168.64
Classic,168.64
Sorbet,168.64
Indulge,168.64
Chicken Soup,168.33
McCafe.,168.26
Combos & Meals,168.25
Finger Food Non-veg,168.2
Waffles,168.16
Matka Kulfi,167.88
South Indian  Breakfast,167.78
Rice N Pulao,167.5
Temptation Cookies,167.5
Chicken Item,167.47
Pav Bhaji,167.46
Chicken Momo,167.25
Sandwich,167.1
Special Masala Dosai,167.0
Menu At @149,166.95
Exclusive Combo,166.79
Dips & Salads,166.67
New Launches & Seasonal,166.67
Green Veg Curries,166.36
Garlic Breads,165.67
Nammura Benne,165.67
Indian Main Course (dal - Lentils),165.3
South Indian Dishes,165.25
Gujarati Specials,165.0
Pizzmo Special Chicken (New Launch),165.0
Hotdogs,165.0
Curries & Sides,165.0
DOSA & IDIYAPPAM,165.0
Super Saver Meals,164.75
Macaroni,164.7
Starter & Chinese ,164.5
Chicken Soups,164.44
Amritsari Kulcha With Chole,164.33
Special Bread Toast,164.25
Sashti thali,164.14
Special Shakes & Mocktails,164.08
Fride Rice,164.0
Desserts & Jar Cakes,164.0
Awadhi Rolls,164.0
All Day Food,164.0
Cookies And Biscuits,163.84
Green Veg Starters,163.67
Chinese Non Veg,163.46
Chineese  Fried Rice,163.33
Rice biryani,163.33
Bhujia & Namkeens,163.33
Millet Items[Bv],163.33
French fries,163.33
Brownie,163.26
Milk Shake,163.09
Veg Simply Pizza,163.0
Divine Duos = Desserts + Ice Creams,163.0
Jalebi / Imarti,163.0
Sinful Desserts,163.0
Parathas,162.93
All-New Waffles,162.53
Halal Fried Chicken,162.5
Dosa Masala,162.5
Rosh,162.5
Ghar Ka Tadka FriDay Special,162.33
Veg Soups,162.14
All Day Breakfast & Snacks,162.07
Non Veg Dishes,161.97
Beverages (cold),161.93
Garlic Bread,161.28
Indian Staples,161.22
Dairy,161.06
"Mini Rolls [Small 7""]",161.0
Vegetable,160.73
Veg Curry,160.21
Energetic Beverages,160.0
Veg Starter,160.0
Rice N Biryani,160.0
Chowmein And Rice Items,160.0
Cookies & More,160.0
Yummy Rolls,160.0
Southern Specials,160.0
Veg Bites,160.0
Thick Shakes (250 Ml),160.0
Cutlet,160.0
Indian Breads N Rice,160.0
Affordable Meal,160.0
Barbeque,160.0
Schezwan,160.0
Egg Noodles,160.0
Popsicle Chocolate Icecream,160.0
Breakfast,159.84
Tiksy Bites,159.8
Thali/ Meals,159.75
Calzone,159.0
Rolls & wraps,159.0
Dessert And Beverages,159.0
DESI CHINESE STARTERS,159.0
Garlic Breads & Dips,158.99
Chaat & More,158.75
Dosa Plain,158.62
DESSERTS,158.45
Misal/ Puri Bhaji/ Cutlet/ Bhature/ Upma / Sheera,158.33
Chowmein,158.1
Dosa Specials,158.0
Omelette with French Fries,158.0
Brownies & Lava Cakes,157.92
Cold Coffee,157.74
Petha Sweets,157.5
Keto Sandwiches,157.33
Signature Veg Rolls,157.33
Ice Cream,157.24
Salad,157.01
Menu @ 99,157.0
Whole Wheat Sandwiches,157.0
Gelatos,156.67
Multicuisine,156.67
Kofte Ki Sabji,156.5
Sandwich Corner,156.43
Y Not Specials ( Fillers ),156.4
Menu Starts @125/-,156.37
Crunchy Fried Chicken,156.25
Baked Sweets,156.0
Desi Chais-New Launch!,156.0
Parathe Da Kamal,156.0
Salad & Raita,155.88
Sweets,155.85
Veg Momos,155.67
Momo Hut,155.6
Utthapam,155.57
Fries,155.38
Holi Specials,155.05
Dosa,155.04
Couple Combos,155.0
Dilli Wala Breakfast,155.0
Desi Indian Snacks ,155.0
Dumpling,155.0
Korean Snacks,155.0
Mocktail Manai,155.0
"Raita, Salads & Papad",155.0
Boneless Strips,155.0
Veg Indian,155.0
Cafe Aurora Soup,155.0
Special Namkeen,154.92
Sides,154.63
Pocket Thali,154.5
Breakfast Combo,154.15
Shorbas,154.0
Loaded Fries,154.0
Newly Launch,154.0
Chicken Roll,154.0
French Fries,153.97
Burger Momo [Moburg],153.94
Anytimers,153.54
Sides And Accompaniments,153.4
Crazy Meal Combo,153.39
Rice Items,152.75
Biscuits,152.5
GARLIC BREADS & MORE,152.38
Flash Sale,152.08
Munchies,152.04
Bengali Combo,152.0
Chilli Special Veg,152.0
Mithai Collections,152.0
Burger - Veg,152.0
Idly Varieties,151.67
Butter Paneer Special,151.67
Cold Beverages,151.58
Father's Day Specials,151.43
Non-veg Rolls,151.43
Double Topping Pizza,151.2
Senior Veg Burger,151.12
Milk Products,150.83
Chatpati Chaat,150.83
Chaat And Snacks,150.83
MOMO,150.71
"Rice, Papad & Raita",150.38
Evening Specials,150.25
Chicken Popcorn,150.0
Breads And Accompaniments,150.0
Jolbhara / Talsash,150.0
Tea Time Snacks,150.0
Cinnamon Rolls - Bite Size,150.0
Rolls & Frankie,150.0
Live Specials,150.0
STARTER,150.0
Japenese Matcha Green Latte,150.0
Steam/Fry,150.0
Puri Sabji,150.0
Pakoda & Snacks,150.0
Quick Snacks,150.0
Chena Sweets,150.0
Freshly Baked Cookies,150.0
Breakfast ( Veg ),150.0
Hot Items,150.0
Veg Chinese Rice And Noodles,150.0
Zafrani,150.0
Late Night Bestsellers,149.96
New Arrival Shakes,149.86
Veg Snacks,149.62
"BREAKFAST, MAGGIE, PASTA & ALL DAY QUICK MEAL",149.55
"Croissants, Cookies & Quick Bites",149.5
Thick Juice,149.4
Balanced - Dinner,149.0
Summer Special Beverages,149.0
Amritsari Kulche With Chole,149.0
Affordable meal,149.0
Homemade Spreads,149.0
Deals Starting @89,149.0
Mimi Singzu,149.0
Papad Raita,149.0
Shawarma Rolls,149.0
Janata Meal,149.0
Protein Plus and Burgers with Millet Bun,148.53
The BWC Store,148.4
Veg Fried Rice Chicken Curry Combo,148.0
Basmati Rice Combos,148.0
Authentic Recipes,148.0
Indian Rice & Breads,147.69
Mocktails And Shakes,147.62
Sada Dosa,147.44
Dinner,147.33
Fast Food,147.04
Daal,147.0
Whatâ€™s New.,146.96
Egg Special,146.75
Retail Range,146.75
Parizaad Special,146.67
Bti Dosa  ,146.43
Dal Main Course,146.33
Khari And Toast,146.0
Snacks And Combos,145.71
Kadak Kurkure Momos,145.67
Brownies & Choco Lava,145.67
Chinese Veg,145.41
Mini Lunchbox,145.36
Pastry,145.31
Ratna Tiffin Specials,145.25
Seasonal Milk Shakes,145.0
Cafe Aurora Soup Snacks,145.0
SIMPLE Soup's,145.0
DESSERT,145.0
Sandwich & Burger,145.0
Tandoori Kulcha & Paratha,145.0
Home Style Curry,145.0
Eggless,145.0
Bhaji Pav & Pulav,145.0
Buttery Mania Veg Pizza,145.0
Non Veg Rice and Noodles,145.0
Veg Burgers,144.77
Veg Rolls,144.71
Starter & Chinese,144.5
Drinks (beverages),144.44
Newly Launched Italian Gelatos,144.27
Burger,144.25
For Khichdi Lovers,144.14
Ice Cream Sticks,144.06
Momos & Spring Roll,144.0
Beverages And Soup,144.0
South Indian Delights,144.0
Chinise,144.0
Jar Cake.,143.73
Shake,143.7
Biryani and Rice,143.6
Veerji Special Chinese Items,143.5
Cutlets,143.33
Naan,143.33
Chaat's,143.33
Laddu Speical,143.33
Special Dosa's,143.0
Shrikhand / Matho,143.0
Breakfast All Day & Indian Snacks,143.0
Mojito,142.89
Dosa & Idiyappam,142.86
North Indian Main Course,142.78
Idly varieties,142.71
Seasonal,142.55
Butter Cheese Special,142.5
Snacks&Starters,142.33
Ahy Time Menu,142.27
Deserts & Pastries,142.16
Waffle Sundae,142.0
Lassi,141.89
Baker's Confectionery,141.79
Pesara Dosa,141.5
Khane Ke Saath,141.5
Bhaji & Pulao ( Bhaji Pao Kilo K Bhaw Se),141.43
Gravy Main Course ,141.0
Indian Tawa Paratha,141.0
Tarka,140.86
Amritsari Kulcha,140.84
Chatpata Tadka,140.76
Desi Indian Snacks,140.5
South Indian Spice,140.0
Shefali,140.0
Parotta,140.0
Bti Specials   ,140.0
Faluda,140.0
Kulfi Faluda,140.0
Kalakand ,140.0
Boss Desserts,140.0
Juzeup,140.0
Dos,140.0
Paratha's,140.0
Cinnamon Rolls - On The Go,140.0
Fix-Thali (Gujarati - Punjabi),140.0
Shakes(o),140.0
Ice Cream Soda,140.0
Preeti's Special,140.0
Fruit Shakes,140.0
Sorbet Ice Creams,140.0
Roll Cakes,140.0
Best In Idli,140.0
Summer cool special,140.0
Momos & Snacks,140.0
Gujiya,140.0
"Pizza , Pasta And Burger",140.0
Coffee And Milkshakes,140.0
Non Fruit Falooda,140.0
Cold,140.0
Appam,140.0
Breakfast ( Non- Veg),140.0
Bangali Sweets,139.94
Cakes Brownies and Cookies,139.9
South Indian Breakfast Combos   ,139.83
Syrups,139.83
Kids Menu,139.75
Mathi,139.68
Roll,139.67
Cheesy Single Topping Pizza,139.5
Potato Twister,139.0
Street Style Indian Snacks,139.0
Summer Deal Of The Month,139.0
Seekh Kabab,139.0
Chicken Wings and Tenders,139.0
Choco Lava Cake & Brownies,139.0
Chapati Meals,139.0
Loaded Cheese Fries,139.0
South Indian Sidish,139.0
Milk Sweets,139.0
Finger Food Veg,139.0
Breads and Accompaniments,138.65
Great Indian Sandwiches,138.57
Raitha's,138.0
Savoury,138.0
Sugar Free Item,138.0
Shakes,137.93
Fresh Cold Pressed Juices,137.75
Bhajipav,137.5
Chowmien,137.5
Chinese Cuisine,137.5
Raita,137.34
"Rice, Pulao & Biryani",137.0
Juices,136.88
Dosas And Uttapams,136.88
Pocket Friendly Breakfast,136.8
Rice Specialities,136.75
Dal [o],136.67
Christmas Special,136.67
Cakes And Muffins,136.67
Side Orders,136.56
Ice cream,136.5
Breakfast Special,136.49
Breads & Rice,136.47
FRESH BREADS & NAAN,136.43
Healthy Food,136.38
Pizza Mania,136.33
Cold Delights,136.0
Mini Cakes (150 Grams - Names Not To Be Written On Cake,136.0
Chowmein Special,135.83
Sev Ki Sabji,135.75
Ts Signature Tiffins,135.67
Fresh Fruit Juices,135.5
Chicken Feast,135.46
Pesara Dosa's,135.4
Dosa  & Uttappam,135.25
Buttery Mania Non Veg Pizza,135.0
Live Counter Snacks,135.0
Evening Special Menu,135.0
Hot,135.0
IDLI VADA,135.0
Mojitos,135.0
Upvas Snacks,135.0
Rice Specialties,135.0
Hut CafÃ©,134.43
Frappe,134.33
Veg,134.3
Lassi & Mocktails,134.29
Egg,134.2
Pakora,134.0
Choice Of Omelette,134.0
Dilli Ki Chaat,134.0
Fresh Juices,133.94
Sandwichs,133.75
Momos 5 pcs,133.75
Garlic Breads & More,133.6
Quick Pick,133.43
Pesara,133.4
Tadka,133.33
Nolen Gur Sandesh (hard/soft),133.33
Cinnamon Rolls - Mini,133.33
Non Veg Specialities,133.12
Tikki & Chaat,133.0
Regular Dosa's,132.88
Rice In Veg,132.67
North Meals,132.5
Non Veg Roll,132.5
Mojito & Mocktail,132.33
Flavoured Rice,132.33
Lassi & Buttermilk,132.33
Fresh Breads,132.14
Desserts,132.11
Nepali Style Chicken Momo,132.0
Simply Pizza,132.0
Quick Starters,132.0
Far Eastern Rice And Noodles,132.0
Special Lassi's,131.75
Taco's,131.67
Roll Call,131.56
VEG MUNCHIES,131.56
Steam and Fried Momos,131.5
Katakia Special,131.5
Deep Fry,131.25
COLLERS & SHAKERS,131.25
Vegetable Dishes,131.25
Vegetable Dosa,131.0
Tea,131.0
Sweet Dish,130.9
"Rice, Biryani & Butter Khichadi",130.88
Meal,130.44
Variety Rice,130.27
"Raita, Curd & Salad",130.0
Rice Varieties,130.0
Tea Time,130.0
Noodles Soup,130.0
Choco Sandwich,130.0
Non Veg Fried,130.0
Ladoo & Boondi,130.0
Popsicle Regular  Icecream,130.0
Popsicle Sorbet  Icecream,130.0
Hot Pot,130.0
Finger Food,130.0
Meals Add Ons,129.91
Lunch Menu,129.89
Morning & Evening Special,129.54
Special Offer Pizza,129.52
Pickle,129.46
Favourites,129.43
Evening Specials[Bv],129.38
Fresh Lemon Flavour,129.33
Upma,129.25
Vegetables Items,129.17
Kababi Shaan,129.0
Classic Pizza Regular,129.0
Pocket Friendly Roll,129.0
Peseratu,129.0
Flash Sale - 50% Off,129.0
Breakfast Meals,129.0
Chai Melody,129.0
Best in Roses,129.0
Makhani Gravy Momos,129.0
Tres Leches Cake,129.0
Chatak Chaat,129.0
Navratri Special,129.0
Mithaa's,129.0
Cake Jar,129.0
Ghee Dosa's - Special,129.0
Papad Salad & Raita,129.0
Desserts And Beverages,129.0
Burger Hits,129.0
Egg Main Course & Starters,128.75
Uthappam,128.4
Croissants,128.32
Sabjiya,128.18
Chaat,128.09
Evening Special,127.71
Accompaniment,127.67
Bachelor Biryani,127.57
Fries & Sandwich,127.57
Bengali Sweets,127.54
Wada,127.5
Beverages And Shakes,127.43
Tummy Tuckers,127.27
Mocktails & Juices,127.15
Zayka -Mutton,127.0
Palak Dosa,127.0
Vegetable Dosa's,127.0
Dosa  Tomato,127.0
Dosa  Carrot,127.0
Healthy Fusion,127.0
Dosa  Beetroot,127.0
Ragi,127.0
Dry Fruit,126.93
Fresh Juice,126.72
BEVERAGES [0],126.67
Mayonnaise special items,126.6
Desserts ,126.54
Burgerry Pizza,126.5
Fried Sweets,126.5
"Cookies, Muffins & Tea Cakes",126.32
The 99 Calorie Sundaes,126.27
Bakery,125.95
Deserts,125.92
Juice,125.8
South Indian Food,125.5
Pizza or Pasta,125.5
Ice Creams,125.01
Healthy Snacks,125.0
Kalakand Sweets,125.0
Chips & Stix,125.0
Gujrati Special,125.0
Veg Starter Items,125.0
Veg Soup,125.0
New Launchs,125.0
Yogurt's Raita,125.0
Raitas,125.0
Raita/Papad,125.0
Immunity Boosters,125.0
Soft Drink,125.0
PURE JUICE,125.0
Makar Sankranti Specials ,125.0
Savouries,124.99
Lunch,124.9
Snacks ,124.86
PIZZA MANIA,124.69
Mini Pancakes,124.41
Chat,124.32
Pastries,124.17
Mysore Bajji,123.75
Namkeen,123.7
Mayonnaise Roll,122.5
Special Dosas,122.5
Arabian,122.5
All Time Breakfast,122.33
Wow! Thunderzz,122.27
Namkeen And Wafers,122.22
Top Picks,122.14
Appetizer,122.05
Rice Items/ Chapathi,122.0
Fries & Sides,121.75
70 mm Dosa's,121.75
Special Items,121.67
All Time South Indiian,121.67
Paratha Tandoori Combo,121.36
Curd,121.32
Krispy Kreme Doughnuts and Coffee,121.13
Fresh Juice & Shakes,121.08
Cake @Pastry,121.0
Nukkad Ki Chaat,120.54
Mini Pizzas,120.33
Salad And Raita,120.0
Chops,120.0
Bar Cakes,120.0
Angeethi Barbeque,120.0
"Pocket friendly, ready to eat homemade meal",120.0
Pav Bhaji Plate,120.0
Pongal,120.0
Rosogolla,120.0
Ready To Eat,120.0
South Indian Lunch Combo   ,120.0
Sugarfree Sweets & Rabri,120.0
Raithas,120.0
Chaat Street,120.0
Chole Bhature,120.0
Pulao & Rice,120.0
Kuch Meeta Ho Jaye,120.0
Nan,120.0
Waffle,120.0
Ice Creams [ No Added Sugar ],120.0
Coffee And Tea,120.0
Khoya Mix Sweets,120.0
Summer Beverages,120.0
Extras [si],120.0
Summer's THANDAI,120.0
Snacks Light Munchies,120.0
Mooligai Dosa Varieties,120.0
Curries & Dry Main Course,119.77
Egg Items,119.44
Coffee Starts @99,119.0
"Dahi, Raita, Salad & Papad",119.0
Steamed Momos,119.0
Premium Pastry,119.0
Tea & Coffee,119.0
Keto Gourmet Breads & Bakery,119.0
Non Veg Biryani,119.0
Peri Peri Momos,119.0
TRAVEL PACKS,118.86
Single Donuts,118.8
Prepack Sundae,118.64
Gajak Specials,118.33
Pani Puri,118.33
Economy Meals,118.33
Fresh Fruit Juice,118.08
Beverage,117.57
Cold Drinks ,117.5
Kulcha,117.5
Rice Biryani & Fried Rice,117.5
South Meals,117.5
Papads,117.5
Sides And Dips,117.33
Spl,117.2
Pies and pastry's,117.04
Cool Smoothie,117.0
Fresh Fruit Milkshakes,117.0
Maggie,116.95
Veg Dishes,116.93
Hot Dog & Burgers,116.78
DAHI KE SHAUKEEN,116.67
Chettinad Varities,116.67
Rosogolla ,116.25
Sides and Dips,116.23
Indian Breasds,116.17
Limes,116.0
Naan/roti,116.0
Food,115.8
North  Indian,115.71
RICE AND NOODLES,115.67
South Indian Dish,115.67
Bakery Snacks,115.67
Tandoor Se,115.47
Pastry.,115.35
Samoxa,115.0
Hot & Cold Beverages,115.0
Mini Tiffin,115.0
( Chinese),115.0
Biryani Fest,115.0
Hot Milk Bev Flasks,115.0
Warps N Sandwich,115.0
Idli/ Wada,115.0
Our Specials,115.0
Lunch & Rice,115.0
Salad Corner,115.0
Idli,114.88
Shravana Month Specials,114.78
Kerala Parotta [n],114.5
Samosa,114.24
Bars,114.0
Chow mein,114.0
Cassata (slice),114.0
Regular Dosa,113.5
Mocktail,113.33
Hot Beverages,113.22
Mini Stick,113.19
SIDES AND DIPS,113.06
Special Juices,113.0
Farsan,113.0
Khaman,113.0
Lassi / Milk Badam / Thandai / Aam Panna,112.5
Creamy Tandoori Momos,112.5
Dry Sweet,112.5
Tandoori & Barbeque,112.5
South Indian Rice   ,112.5
Chhattisgarh Week Specials,112.5
Fish Special,112.33
CHAAT,112.31
Coolers,112.1
Ice Cream Waffle Cones,112.0
Addons,111.83
Classic & Nuts Ice Creams,111.79
Burgers & Parcels,111.74
Choices Of Salad,111.67
Chocolate Ice Creams,111.53
Mawa Item,111.43
Desi Ghee,111.43
Plain/flavoured Sandesh,111.43
Saath Saath,111.25
Subah Ka Nashta,111.15
Paratha Junction,111.0
Flavoured Milkshakes,111.0
Baked Items,110.83
Tandoor Breads,110.79
Indian Bread  ,110.71
Dessert,110.67
No Added Sugar Kulfi,110.54
Bangali Mithai,110.5
Chaai Street,110.5
Value Scoops,110.49
Dairy Products,110.45
Dhokla,110.33
Non Veg Burger,110.27
Wow! Birthday Slice Kulfi IceCream,110.0
Northindian Breakfast,110.0
Spice Ka Tadka,110.0
Prasad,110.0
Juices & Shakes,110.0
Chhena Sweets,110.0
Raitas And Salad,110.0
Cupcakes & Muffins,110.0
Barish special Slice Kulfi IceCream,110.0
Available All Through The Day,110.0
Varieties Of Rice,110.0
Roti ,110.0
Quick Meal,110.0
MOCTALL BAR,110.0
Rava Dosa,110.0
Snack,110.0
South indian curry items (kulambu),110.0
Maggi & Poha,110.0
TARKA,110.0
Maggi,109.69
Dosa Varieties,109.65
Rice Bowl ,109.6
Prasadam,109.53
Packet items,109.41
Namkeens,109.4
Bread,109.02
Toastie,109.0
Chat Corner,109.0
Pakodas (8 Pcs.),109.0
Special Ice Cream And Fruit Sundaes,109.0
Burger & Sandwiches,109.0
South Indian Snacks,108.75
Ghee Special,108.75
Tarts and Pies,108.67
Squizza / Pizza,108.5
Special Flavour Ice Creams,108.33
Small Delights,108.0
CHOWMEIN,108.0
Cups (100 ml),108.0
Breads and Rice,107.9
Bhel,107.78
Dabangg Kolkata  Roll,107.5
Thanda,107.5
Chicken momo,107.5
Morning Breakfast @ Gwalia,107.2
Pickle Mania,107.14
Sugarfree Beverages,107.13
Cassata,107.0
Starters & Kebabs,107.0
Tawa Meals,106.86
Dahi Chaat,106.58
Sandesh,106.35
Special  Dish,106.33
Accompaniments,106.18
Varieties Of Upma,106.0
Spl. Sweet Of The Day,106.0
Cones,106.0
Milk Cakes / Tres Leches,106.0
Chocolate Coated Bars,105.93
Papad & Khakhra,105.87
Momo 6 Piece,105.0
Chaats,105.0
Parotta Varieties,105.0
"Cakes, Muffins & More",105.0
Sev Puri,105.0
Eclairs,105.0
Brakefast,105.0
Patties,105.0
Grilled Sandwiches,105.0
100% Whole Wheat Breads,105.0
Kid's Speical,104.76
Refreshers,104.48
Breakfast Economic Menu (till 12pm),104.38
Side Dishes,104.31
Tundays Rolls,104.0
Sandwich Varieties,104.0
Chat Corner ,104.0
Extra Side Dish,103.93
Pesarattu/ Uthappam,103.75
Lunch Specials,103.75
Macaron,103.7
Snacks,103.66
Classic Pastries,103.62
BREADS & PAROTTAS,103.6
Rusk And Khari,103.46
Rolls Special,103.33
Desserts & Beverages,103.19
Butter Special,103.0
Premium Mathri,102.86
Tandoori Bread,102.83
Naan /Roti and Paratha,102.82
Stuffed Paratha,102.71
Whatâ€™s New,102.61
Navratri Specials,102.5
Shuruwat,102.5
Extra Add -ons,102.5
Bread & Rice,102.5
Packed,102.43
Impulse,102.32
Jain Special Category,102.0
Khari/Puffs,101.69
Chai Special (tea),101.67
Laddu and Soan Papdi,101.67
Hot Snacks,101.67
All Time,101.43
Snacks And Chaat,101.41
Evening Tiffin,101.15
Vada,101.14
Chaat Ka Galiyaraa,101.0
Mini Signature Rice ,101.0
Fruit Ice Creams,100.88
Idly,100.57
Croissants & Danishes,100.07
South Indian Breakfast  ,100.0
Evening Spl Sweet,100.0
Gifts,100.0
Appam & Idiyappam,100.0
Quick Bytes & Toasties,100.0
Lunch Combo,100.0
Pav Meals@99,100.0
Poha,100.0
Salads & Sides,100.0
Beverages ,100.0
Cold beverages,100.0
South Indian Lunch   ,100.0
Flavor Coffee,100.0
Dessert Items,100.0
Snacks & More,100.0
Shravan special,100.0
Other Tiffins,100.0
Laphing Section,100.0
Any Time,100.0
Hot Dog & Burger,100.0
Burger & Pizza,100.0
"Roti, Naan, Paratha & Kulcha",100.0
Indian Bread Roti,100.0
Hot beverage,100.0
Chilly Garlic Rice,100.0
Egg special,100.0
Egg Rolls,100.0
South Indian Snacks  ,100.0
Roll Item,100.0
Indian Chaat,99.5
Midnight Craving,99.49
Snacks And Sandwich,99.33
Economy Meal,99.19
Dosa's,99.14
Bhaaja,99.0
Stick Kulfi Large,99.0
Choice Of Raita,99.0
Namkeen @ Rs. 99,99.0
Milk Shake With Ice-Cream,99.0
Healthy Drinks,99.0
Pani Puri and Snacks,99.0
Idlis,99.0
Gourmet Cheesecake Ice Creams,99.0
Tawa Spl Items,99.0
New Beverages,99.0
Breakfast Menu,98.86
Biscuits & Cookies,98.77
DESSERTS & BEVERAGES,98.65
Indian Breads,98.64
Bakers Namkeen,98.5
Roti & Rice,98.19
Premium Dry Cakes & Muffins,98.16
Raita And Papad,98.0
Cheese Cake/Slice,98.0
Soup Menu,98.0
"Chaat, Snacks & Quickbites",97.95
Junior Burger,97.67
Ready to Eat,97.61
Wheat Breads (maida),97.5
Veg Burger,97.36
Breackfast,97.33
Basket,96.83
Hottest Varieties,96.75
Desserts.,96.72
Puddings,96.67
Onam Range (Festive Special),96.67
Gathiya,96.67
Rolls In Rumali Roti,96.5
Sandwich Combo,96.3
Ragi ( Idli & Dosa),96.2
Pies & Tarts,96.0
Vada/ Bonda/ Puri,96.0
Kulfi,95.97
Wow! Kulfi  Dessert,95.83
Pesaratu Dosa,95.67
Desserts & Puddings,95.67
Desserts and Beverages,95.45
Cookies & Namkeen,95.45
ALL DAY BREAKFAST,95.33
Boondi Prasad,95.24
Thanda & Meetha,95.09
Salad & Corn,95.0
Kichadi,95.0
Salad And Papad,95.0
Dal Items,95.0
Ala Carte Breakfast Menu,95.0
Nonveg Bengali Special,95.0
Chilly Garlic Noodles,95.0
Ganesh Chathurthi Specials,95.0
Rasgulla / Gullab Jamun / Rasmalai,95.0
Fresh Varieties,95.0
Soft Drinks,94.49
Idli & Vadas,94.29
Bao Burger,94.0
Maggi Gallery,94.0
Ghee Special  Dosa,94.0
Beverages & Desserts,93.88
Evening Snacks,93.75
Muffins & Hot Cake,93.51
Cold Room,93.5
Rice / Accompaniments,93.29
Donuts,93.0
Veg Item,93.0
Sides & Dips,92.67
Drinks & Desserts,92.63
Wraps & Momos,92.5
Thirst Quenchers,92.5
100 ML Ice Cream Cups (Serve 1),92.37
Vegan Ice Creams,92.37
Shakes And Lassi,92.2
Shabji,92.0
Softy Milkshakes,92.0
Roll Items,91.82
With Ice Cream,91.67
Breakfast And Evening,91.54
Tea Coffe Drinks,91.5
Beverages.,91.06
Ice Creams In Cup,91.0
Kids Special,91.0
Maida Namkeen,90.86
Tandoor & Paratha,90.62
Dairy-Free Sorbets,90.14
Chai Ke Sang,90.0
Bhaji & Pulao,90.0
Extra Helpings,90.0
Packed Items,90.0
Roti And Paratha,90.0
Roti/ Naan/ Paratha,90.0
Burger Bun,90.0
Millet Dosa,90.0
Regular Ice Creams,90.0
Szechuan Noodles,90.0
Macarons,90.0
Mukhwas,89.57
Green Salad / Papad / Raita,89.5
Refreshing Mukhwas by Om Sweets,89.29
Roti Ki Tokri,89.23
Overload Nuts Ice Creams,89.0
Dal Chawal,89.0
Breakfast Combos,89.0
Exotic Fruits Ice Creams,89.0
Ras Sweets,89.0
Single Topping Cheesy Pizza,89.0
Paneeer Main Course,89.0
Ice Cream Scoops,88.67
"Bhaja, Saag Bhaja & Bora Items",88.64
Raita And Salad,88.5
Dilli Di Chaat,88.33
Paratha,88.23
Solo Tub [140 ML DoubleXL Scoop],88.09
Rice and Breads,88.0
Pesarattu,87.93
Other,87.67
SNACKS,87.0
Breads,87.0
Rice/Dal/Bhaja,87.0
Roti And Lacha,87.0
Salad Papad And Curd,86.67
Sath Sath,86.67
Breads & Parottas,86.62
Sinful Chocolate Ice Creams,86.5
Hot Beverage,86.44
Salads & Raitas,86.12
Tandoori Breads,85.79
Others Item,85.56
100 ml Ice creams,85.43
Singju,85.0
Maggie Mania,85.0
Quesadillas & Tacos,85.0
South Indian Sweets   ,85.0
Chettinad,85.0
"Bread,bun & Toast",85.0
Dal Bati Regular,85.0
Veg Fry,85.0
FROM THE SWEET TOOTH,85.0
Festive Special Sweets,85.0
Ice creams by Globo,84.91
Pizza & More,84.81
100 Ml Ice Creams,84.55
Refreshments,84.5
Macaroons & Donuts,84.14
Breakfast Special Combos,84.0
Salad Papad Raita,84.0
Matho,83.86
Cupcakes By CakeZone,83.63
Burger and Sandwich,83.57
Beverages,83.56
Drinks,83.4
Snacks & Chat,83.33
"Uggani,vada & Poori",83.33
Gourmet Desserts,83.33
Tiffin,83.29
Tea And Coffee,83.0
Meetha Maza,82.89
Tiffin Combos,82.5
Rice Bath,82.5
All Day Nashta,82.5
No Added Sugar,82.35
Ts Rice Specialities,82.33
Rotis And Breads,81.82
Nonta / Salted,81.8
Desserts & Drinks,81.43
Naan Aur Rotiyan,81.3
Namkeen-all Time Snacking,81.15
Savories,81.0
Beverages (Drinks),80.71
Boss Drinks,80.0
Bengali Item,80.0
Ragda Patties,80.0
Khakra,80.0
Pithe Utsav,80.0
Soda,80.0
Special Bengali Sweets,80.0
Buttermilk (dahi),80.0
Season Special,80.0
Burger or Hot Dog,80.0
Rice and biryani,80.0
Farali,80.0
FALHARI SPECIAL,80.0
Maggi Hub,80.0
Dahi Mehfil,80.0
Kanji,80.0
Indian Bread,79.61
Summer Special,79.12
Namkeen @ Rs. 79,79.0
Lava Cake,79.0
Maggi's World,79.0
Snacks and Chaat,78.75
Paratha Tandoor Se With Raita,78.41
Ice Cream Snacks,78.4
Starters and Beverages,78.29
Cold Bevrages,78.0
Extra Tiffin Itmes,78.0
Paratha  Naan And Chapati,78.0
Vegan (sorbets And Popsicles),77.97
Indian-breads,77.86
Tandoor se,77.65
Idli Vada,77.5
Puff,77.5
Breakfast Bestsellers,77.3
Salad & Raitha,77.0
Tandoori Roti(Breads),77.0
Round The Year,76.68
Chatori Gali,76.67
South Indian Special,76.67
Rice / Pulao,76.67
Cups,76.52
Fresh From Our Bakery,76.5
Cornetto,76.33
South Indian Items,76.25
Dabeli,76.0
Roti & Naan,75.67
Vada Pav,75.56
Cornetto.,75.06
Puri,75.0
Soan Papdi Collection,75.0
Burgers and Sandwiches,75.0
Soan Papdi,75.0
TEA MASALA,75.0
JK Classic Burgers,75.0
HOT & COLD,75.0
(Sides),75.0
Extra Meals Items,74.75
Friday Funday Flavour (New Attraction),74.58
Snacks And Chat,74.55
Breads & Buns,74.25
Coffee & Shakes,74.0
Bombay Chaupati,74.0
Raita / Papad / Salad,73.69
Dry Sweets,73.58
Tit Bits,73.5
Extra Items,73.5
Breakfast and dinner,73.38
Kulfi Special,73.33
Cold Coffee  Milkshake,73.33
Tiffins,73.24
Tandoor Tawa,73.0
Roti In Tandoor,72.84
Wooden Plate Add- Ons,72.5
Breakfast Under 80/-,72.5
ROLL ,72.5
Tiffin Dishes,72.0
Gangour special,72.0
Kachori,71.88
Cupcakes & Cream Rolls,71.75
Glass Desserts,71.5
Lassi Or Chaas,71.43
Drink,71.33
Roti And Naan,71.06
PAAN,70.83
Water Bottle,70.1
Freindship Day Special,70.0
Biryani Spl,70.0
Cold beberage,70.0
Hong Kong Noodles,70.0
Chat Special,70.0
Channa,70.0
Just Bites,70.0
Szechuan Rice,70.0
All day snacks,70.0
Hot beverages,70.0
Bora,70.0
Bonda & Bajji,70.0
FROM LEMON SIDE,70.0
Mouth Watering Items,70.0
Avarebele Mela Specials,70.0
Bhujiya,70.0
Curries & dry main course,70.0
Christmas & NYE Specials,70.0
BREAKFAST,69.71
Curd & Raita,69.67
What?s New,69.4
Christmas Specials,69.1
Veerji Burger,69.0
Pastry Cake,69.0
Curd Beverages,69.0
Stick Kulfi Regular,69.0
Vada pav,68.75
Breads From Clay Pot,68.57
Magnum Ice Cream,68.53
Fry Farsan,68.5
ALL DAY SNACKS,68.5
Lassi & Chai,68.4
Breads & Papads,68.4
Korean Spicy Range,68.0
Breakfast [No Onion & No Garlic],68.0
Puffs & Bakery Bites,67.84
Paratha's & Roti ,67.69
Khichu,67.0
Local,66.67
BEVERAGES,66.53
Roti & Nan,66.17
Snacks Evening,66.14
Chhena Items,66.0
Evening Special Combos,65.67
Khaman's,65.0
Crushers,65.0
Edible Cup Mousse,65.0
Hot Beverages & Aerated Drinks,65.0
Coffee Time,65.0
Harvest Festival Specials,65.0
Dairy Product,65.0
Salad & Curd,65.0
Dakshin Territory,65.0
"Namkeens, Wafers  & Chips",64.86
Goan Bhaji,64.38
Stick Kulfi,64.07
Veg Momo,64.0
Sp.mukhwas,64.0
Chaat N Snacks,63.73
Ice Cream Cones,63.56
GBC Sweet Tooth,63.0
Thepla,62.5
Tea-Time Snack Packs,62.0
Breads & Pao Buns,62.0
North India,62.0
Cup Cakes,61.5
Cornetto Cone,61.36
Puff / Patties,60.71
Tandoorse,60.5
Extra,60.28
Satvik Dishes,60.0
Muska Bun,60.0
Gota And Vada,60.0
Roti Bread,60.0
Garlic Aioli Dip!,60.0
Fresh Dairy,60.0
Curd / Yougurts,60.0
Juice and mocktails,60.0
SPECIAL SODA,60.0
Hot Drinks,59.89
Breakfast N Beverages,59.67
Cold Drinks,59.67
Namkeen & Savoury Snacks,59.58
Sides & Drinks,59.56
Handi Breads(tandoori),59.55
Fry,59.5
Bread & Roti,59.22
Bonda's,59.0
Sweets & Deserts ,59.0
Parcel,59.0
Dhoodh Wali Chai,58.75
Extras,58.71
Rice & Breads,58.5
Bread And Naan,58.33
TARTS,58.33
Dessert Sweets,58.0
Bread Naan,58.0
Roti,56.75
Patties House,56.67
Snacks And Bakery,55.95
Lime,55.67
Sweet & Snacks,55.11
Summer Coolers,55.09
Detox Tea,55.0
Drinks (Beverages),55.0
Single Item,55.0
Egg Dishes,55.0
Roti & Thali,53.75
Kulfis,53.6
Luxe Candles,53.57
Punjabi Breads,53.33
Snacks And Nashta,53.0
Paratha And Eggs,52.86
ROTI,52.5
Topping & sides,52.5
Jalebi,52.0
Ice cream scoops,52.0
Morning Breakfast,52.0
Assorted Breads,52.0
Baked Snacks,51.67
Breads/ Roti,50.8
Snacks [ No Onion & No Garlic],50.8
Add Ons,50.71
Kitchen Items,50.5
Side Dishes ,50.0
Milk,50.0
Payasam,50.0
Noodles House,50.0
Items Under Rs 89,50.0
"Naan, Roti & Paratha",50.0
Gourmet Ice Cream Cups,50.0
Savory,50.0
Hottest Varieties 1 Plate Online,50.0
Packaged Snacks,50.0
Badabite,49.85
Roti/parata/naan/bread items,49.25
Tarts,49.0
Muffin And Tea Cake,49.0
Novelties,48.75
Veg Items,48.0
Sauce & Dips,47.5
Roti - Naan,47.0
Thirst Stimulating Drinks,46.67
Flingo Cone,46.47
Vadapav,46.25
Kulfies,45.25
Raita /salad,45.0
Exotic Vadapav,45.0
Home Baked Cookies,45.0
Salad N Curd,45.0
Cold Drink,45.0
Papad,44.73
No Sugar Ice Cream Cups,43.98
Lite Bites,43.64
Chocolates,43.07
Curd Special,43.0
Bread ,42.5
Lassi & Raita,42.5
Gourment Ice Cream Cup,42.37
Egg Starter Hub,42.0
"Tandori, Roti, Kulcha",42.0
Paratha Hub,41.67
Shravan Special ,41.6
Doughnut,41.39
Tawa Roti & Tandoori Roti & Naan,40.86
Soft Beverage,40.0
SWEET,40.0
Bhaja,40.0
Fresh Varieties 1 Plate Online,40.0
Mom's Kitchen Spl Dish,40.0
Accompaninents,39.67
Salad & Papad,39.0
Crunchy Value Sides,39.0
Doi,39.0
Malai Sweets,39.0
Mukho Misti,38.5
Chocolate Candies,37.97
Sweet,37.89
Break Fast Maniac,37.5
Crossiants  & Rolls,36.86
Samosa Kachori Khaman Jalebi,36.66
Snacks Items,36.06
Cheena Sweets,35.27
Winter Special Nolengur Items,35.25
Fish Finger,35.0
Open Item,35.0
Chenna Sweets,34.75
Rotis,34.6
Dips,34.21
Toppings n Dips,32.5
Raita And Papad And Salad,32.0
Tikka Kababs Lovers,31.25
Rasgulla Factory,30.83
Breads/bun/pao,30.0
Sides Order,30.0
Beverages Cold,30.0
Dal Papad,30.0
Fried Snacks,30.0
Chutney,26.0
Barni Se Savouries,25.42
Sides  &  Dips,25.4
Salad and Curd,25.0
Lalaji Dahi Se,25.0
Roti/chapati,25.0
Swiggy Exclusive,25.0
Drinks Beverages,25.0
Ganesh Chathurthi Special,25.0
Roti and raita,25.0
Add ons,24.94
Cakes & Muffins,23.5
Condiments,20.05
Shake mocktail,20.0
Papad & Salads,20.0
Extra Dip & Crispy Noodles,20.0
Add On ( Bhaji & Chutney ),18.33
Add-ons,16.95
Bread Items,16.67
Roti Naan And Paratha,16.6
Hot & Snaks,15.0
Rotiyaan,15.0
Pav,10.0
Party Item,10.0
Pav Bhaji Special,10.0
Water& Plate,10.0
